model	model_id	donor_architecture	pulses	replicate	max_est_lhood	max_obs_lhood	source	model_label
DP1	DEN_EAS_DP1_GhostDonorFix	divergent donors	1	1	-50166.673	-49638.025	TP1--TP3 and DP1--DP3	DP1: 1 pulse, divergent donor
DP1	DEN_EAS_DP1_GhostDonorFix	divergent donors	1	2	-50166.661	-49638.025	TP1--TP3 and DP1--DP3	DP1: 1 pulse, divergent donor
DP1	DEN_EAS_DP1_GhostDonorFix	divergent donors	1	3	-50166.557	-49638.025	TP1--TP3 and DP1--DP3	DP1: 1 pulse, divergent donor
DP1	DEN_EAS_DP1_GhostDonorFix	divergent donors	1	4	-50166.39	-49638.025	TP1--TP3 and DP1--DP3	DP1: 1 pulse, divergent donor
DP1	DEN_EAS_DP1_GhostDonorFix	divergent donors	1	5	-50166.514	-49638.025	TP1--TP3 and DP1--DP3	DP1: 1 pulse, divergent donor
DP1	DEN_EAS_DP1_GhostDonorFix	divergent donors	1	6	-50166.66	-49638.025	TP1--TP3 and DP1--DP3	DP1: 1 pulse, divergent donor
DP1	DEN_EAS_DP1_GhostDonorFix	divergent donors	1	7	-50166.656	-49638.025	TP1--TP3 and DP1--DP3	DP1: 1 pulse, divergent donor
DP1	DEN_EAS_DP1_GhostDonorFix	divergent donors	1	8	-50166.508	-49638.025	TP1--TP3 and DP1--DP3	DP1: 1 pulse, divergent donor
DP1	DEN_EAS_DP1_GhostDonorFix	divergent donors	1	9	-50166.512	-49638.025	TP1--TP3 and DP1--DP3	DP1: 1 pulse, divergent donor
DP1	DEN_EAS_DP1_GhostDonorFix	divergent donors	1	10	-50166.527	-49638.025	TP1--TP3 and DP1--DP3	DP1: 1 pulse, divergent donor
DP1	DEN_EAS_DP1_GhostDonorFix	divergent donors	1	11	-50166.272	-49638.025	TP1--TP3 and DP1--DP3	DP1: 1 pulse, divergent donor
DP1	DEN_EAS_DP1_GhostDonorFix	divergent donors	1	12	-50166.327	-49638.025	TP1--TP3 and DP1--DP3	DP1: 1 pulse, divergent donor
DP1	DEN_EAS_DP1_GhostDonorFix	divergent donors	1	13	-50166.574	-49638.025	TP1--TP3 and DP1--DP3	DP1: 1 pulse, divergent donor
DP1	DEN_EAS_DP1_GhostDonorFix	divergent donors	1	14	-50166.553	-49638.025	TP1--TP3 and DP1--DP3	DP1: 1 pulse, divergent donor
DP1	DEN_EAS_DP1_GhostDonorFix	divergent donors	1	15	-50166.666	-49638.025	TP1--TP3 and DP1--DP3	DP1: 1 pulse, divergent donor
DP1	DEN_EAS_DP1_GhostDonorFix	divergent donors	1	16	-50166.44	-49638.025	TP1--TP3 and DP1--DP3	DP1: 1 pulse, divergent donor
DP1	DEN_EAS_DP1_GhostDonorFix	divergent donors	1	17	-50166.405	-49638.025	TP1--TP3 and DP1--DP3	DP1: 1 pulse, divergent donor
DP1	DEN_EAS_DP1_GhostDonorFix	divergent donors	1	18	-50166.441	-49638.025	TP1--TP3 and DP1--DP3	DP1: 1 pulse, divergent donor
DP1	DEN_EAS_DP1_GhostDonorFix	divergent donors	1	19	-50166.4	-49638.025	TP1--TP3 and DP1--DP3	DP1: 1 pulse, divergent donor
DP1	DEN_EAS_DP1_GhostDonorFix	divergent donors	1	20	-50166.447	-49638.025	TP1--TP3 and DP1--DP3	DP1: 1 pulse, divergent donor
DP1	DEN_EAS_DP1_GhostDonorFix	divergent donors	1	21	-50166.675	-49638.025	TP1--TP3 and DP1--DP3	DP1: 1 pulse, divergent donor
DP1	DEN_EAS_DP1_GhostDonorFix	divergent donors	1	22	-50166.501	-49638.025	TP1--TP3 and DP1--DP3	DP1: 1 pulse, divergent donor
DP1	DEN_EAS_DP1_GhostDonorFix	divergent donors	1	23	-50166.413	-49638.025	TP1--TP3 and DP1--DP3	DP1: 1 pulse, divergent donor
DP1	DEN_EAS_DP1_GhostDonorFix	divergent donors	1	24	-50166.298	-49638.025	TP1--TP3 and DP1--DP3	DP1: 1 pulse, divergent donor
DP1	DEN_EAS_DP1_GhostDonorFix	divergent donors	1	25	-50166.232	-49638.025	TP1--TP3 and DP1--DP3	DP1: 1 pulse, divergent donor
DP1	DEN_EAS_DP1_GhostDonorFix	divergent donors	1	26	-50166.538	-49638.025	TP1--TP3 and DP1--DP3	DP1: 1 pulse, divergent donor
DP1	DEN_EAS_DP1_GhostDonorFix	divergent donors	1	27	-50166.691	-49638.025	TP1--TP3 and DP1--DP3	DP1: 1 pulse, divergent donor
DP1	DEN_EAS_DP1_GhostDonorFix	divergent donors	1	28	-50167.053	-49638.025	TP1--TP3 and DP1--DP3	DP1: 1 pulse, divergent donor
DP1	DEN_EAS_DP1_GhostDonorFix	divergent donors	1	29	-50167.032	-49638.025	TP1--TP3 and DP1--DP3	DP1: 1 pulse, divergent donor
DP1	DEN_EAS_DP1_GhostDonorFix	divergent donors	1	30	-50167.064	-49638.025	TP1--TP3 and DP1--DP3	DP1: 1 pulse, divergent donor
DP1	DEN_EAS_DP1_GhostDonorFix	divergent donors	1	31	-50167.326	-49638.025	TP1--TP3 and DP1--DP3	DP1: 1 pulse, divergent donor
DP1	DEN_EAS_DP1_GhostDonorFix	divergent donors	1	32	-50167.377	-49638.025	TP1--TP3 and DP1--DP3	DP1: 1 pulse, divergent donor
DP1	DEN_EAS_DP1_GhostDonorFix	divergent donors	1	33	-50167.3	-49638.025	TP1--TP3 and DP1--DP3	DP1: 1 pulse, divergent donor
DP1	DEN_EAS_DP1_GhostDonorFix	divergent donors	1	34	-50167.372	-49638.025	TP1--TP3 and DP1--DP3	DP1: 1 pulse, divergent donor
DP1	DEN_EAS_DP1_GhostDonorFix	divergent donors	1	35	-50167.425	-49638.025	TP1--TP3 and DP1--DP3	DP1: 1 pulse, divergent donor
DP1	DEN_EAS_DP1_GhostDonorFix	divergent donors	1	36	-50167.44	-49638.025	TP1--TP3 and DP1--DP3	DP1: 1 pulse, divergent donor
DP1	DEN_EAS_DP1_GhostDonorFix	divergent donors	1	37	-50167.384	-49638.025	TP1--TP3 and DP1--DP3	DP1: 1 pulse, divergent donor
DP1	DEN_EAS_DP1_GhostDonorFix	divergent donors	1	38	-50167.079	-49638.025	TP1--TP3 and DP1--DP3	DP1: 1 pulse, divergent donor
DP1	DEN_EAS_DP1_GhostDonorFix	divergent donors	1	39	-50166.919	-49638.025	TP1--TP3 and DP1--DP3	DP1: 1 pulse, divergent donor
DP1	DEN_EAS_DP1_GhostDonorFix	divergent donors	1	40	-50166.805	-49638.025	TP1--TP3 and DP1--DP3	DP1: 1 pulse, divergent donor
DP1	DEN_EAS_DP1_GhostDonorFix	divergent donors	1	41	-50166.843	-49638.025	TP1--TP3 and DP1--DP3	DP1: 1 pulse, divergent donor
DP1	DEN_EAS_DP1_GhostDonorFix	divergent donors	1	42	-50166.885	-49638.025	TP1--TP3 and DP1--DP3	DP1: 1 pulse, divergent donor
DP1	DEN_EAS_DP1_GhostDonorFix	divergent donors	1	43	-50166.501	-49638.025	TP1--TP3 and DP1--DP3	DP1: 1 pulse, divergent donor
DP1	DEN_EAS_DP1_GhostDonorFix	divergent donors	1	44	-50166.659	-49638.025	TP1--TP3 and DP1--DP3	DP1: 1 pulse, divergent donor
DP1	DEN_EAS_DP1_GhostDonorFix	divergent donors	1	45	-50166.743	-49638.025	TP1--TP3 and DP1--DP3	DP1: 1 pulse, divergent donor
DP1	DEN_EAS_DP1_GhostDonorFix	divergent donors	1	46	-50166.925	-49638.025	TP1--TP3 and DP1--DP3	DP1: 1 pulse, divergent donor
DP1	DEN_EAS_DP1_GhostDonorFix	divergent donors	1	47	-50167.13	-49638.025	TP1--TP3 and DP1--DP3	DP1: 1 pulse, divergent donor
DP1	DEN_EAS_DP1_GhostDonorFix	divergent donors	1	48	-50167.323	-49638.025	TP1--TP3 and DP1--DP3	DP1: 1 pulse, divergent donor
DP1	DEN_EAS_DP1_GhostDonorFix	divergent donors	1	49	-50167.404	-49638.025	TP1--TP3 and DP1--DP3	DP1: 1 pulse, divergent donor
DP1	DEN_EAS_DP1_GhostDonorFix	divergent donors	1	50	-50167.572	-49638.025	TP1--TP3 and DP1--DP3	DP1: 1 pulse, divergent donor
DP1	DEN_EAS_DP1_GhostDonorFix	divergent donors	1	51	-50167.599	-49638.025	TP1--TP3 and DP1--DP3	DP1: 1 pulse, divergent donor
DP1	DEN_EAS_DP1_GhostDonorFix	divergent donors	1	52	-50167.684	-49638.025	TP1--TP3 and DP1--DP3	DP1: 1 pulse, divergent donor
DP1	DEN_EAS_DP1_GhostDonorFix	divergent donors	1	53	-50167.658	-49638.025	TP1--TP3 and DP1--DP3	DP1: 1 pulse, divergent donor
DP1	DEN_EAS_DP1_GhostDonorFix	divergent donors	1	54	-50167.684	-49638.025	TP1--TP3 and DP1--DP3	DP1: 1 pulse, divergent donor
DP1	DEN_EAS_DP1_GhostDonorFix	divergent donors	1	55	-50168.129	-49638.025	TP1--TP3 and DP1--DP3	DP1: 1 pulse, divergent donor
DP1	DEN_EAS_DP1_GhostDonorFix	divergent donors	1	56	-50167.922	-49638.025	TP1--TP3 and DP1--DP3	DP1: 1 pulse, divergent donor
DP1	DEN_EAS_DP1_GhostDonorFix	divergent donors	1	57	-50167.91	-49638.025	TP1--TP3 and DP1--DP3	DP1: 1 pulse, divergent donor
DP1	DEN_EAS_DP1_GhostDonorFix	divergent donors	1	58	-50167.822	-49638.025	TP1--TP3 and DP1--DP3	DP1: 1 pulse, divergent donor
DP1	DEN_EAS_DP1_GhostDonorFix	divergent donors	1	59	-50167.66	-49638.025	TP1--TP3 and DP1--DP3	DP1: 1 pulse, divergent donor
DP1	DEN_EAS_DP1_GhostDonorFix	divergent donors	1	60	-50167.552	-49638.025	TP1--TP3 and DP1--DP3	DP1: 1 pulse, divergent donor
DP1	DEN_EAS_DP1_GhostDonorFix	divergent donors	1	61	-50167.409	-49638.025	TP1--TP3 and DP1--DP3	DP1: 1 pulse, divergent donor
DP1	DEN_EAS_DP1_GhostDonorFix	divergent donors	1	62	-50167.145	-49638.025	TP1--TP3 and DP1--DP3	DP1: 1 pulse, divergent donor
DP1	DEN_EAS_DP1_GhostDonorFix	divergent donors	1	63	-50166.951	-49638.025	TP1--TP3 and DP1--DP3	DP1: 1 pulse, divergent donor
DP1	DEN_EAS_DP1_GhostDonorFix	divergent donors	1	64	-50166.8	-49638.025	TP1--TP3 and DP1--DP3	DP1: 1 pulse, divergent donor
DP1	DEN_EAS_DP1_GhostDonorFix	divergent donors	1	65	-50166.816	-49638.025	TP1--TP3 and DP1--DP3	DP1: 1 pulse, divergent donor
DP1	DEN_EAS_DP1_GhostDonorFix	divergent donors	1	66	-50166.764	-49638.025	TP1--TP3 and DP1--DP3	DP1: 1 pulse, divergent donor
DP1	DEN_EAS_DP1_GhostDonorFix	divergent donors	1	67	-50166.488	-49638.025	TP1--TP3 and DP1--DP3	DP1: 1 pulse, divergent donor
DP1	DEN_EAS_DP1_GhostDonorFix	divergent donors	1	68	-50166.626	-49638.025	TP1--TP3 and DP1--DP3	DP1: 1 pulse, divergent donor
DP1	DEN_EAS_DP1_GhostDonorFix	divergent donors	1	69	-50166.279	-49638.025	TP1--TP3 and DP1--DP3	DP1: 1 pulse, divergent donor
DP1	DEN_EAS_DP1_GhostDonorFix	divergent donors	1	70	-50166.334	-49638.025	TP1--TP3 and DP1--DP3	DP1: 1 pulse, divergent donor
DP1	DEN_EAS_DP1_GhostDonorFix	divergent donors	1	71	-50166.332	-49638.025	TP1--TP3 and DP1--DP3	DP1: 1 pulse, divergent donor
DP1	DEN_EAS_DP1_GhostDonorFix	divergent donors	1	72	-50166.583	-49638.025	TP1--TP3 and DP1--DP3	DP1: 1 pulse, divergent donor
DP1	DEN_EAS_DP1_GhostDonorFix	divergent donors	1	73	-50166.627	-49638.025	TP1--TP3 and DP1--DP3	DP1: 1 pulse, divergent donor
DP1	DEN_EAS_DP1_GhostDonorFix	divergent donors	1	74	-50166.842	-49638.025	TP1--TP3 and DP1--DP3	DP1: 1 pulse, divergent donor
DP1	DEN_EAS_DP1_GhostDonorFix	divergent donors	1	75	-50166.934	-49638.025	TP1--TP3 and DP1--DP3	DP1: 1 pulse, divergent donor
DP1	DEN_EAS_DP1_GhostDonorFix	divergent donors	1	76	-50166.777	-49638.025	TP1--TP3 and DP1--DP3	DP1: 1 pulse, divergent donor
DP1	DEN_EAS_DP1_GhostDonorFix	divergent donors	1	77	-50166.69	-49638.025	TP1--TP3 and DP1--DP3	DP1: 1 pulse, divergent donor
DP1	DEN_EAS_DP1_GhostDonorFix	divergent donors	1	78	-50166.615	-49638.025	TP1--TP3 and DP1--DP3	DP1: 1 pulse, divergent donor
DP1	DEN_EAS_DP1_GhostDonorFix	divergent donors	1	79	-50166.538	-49638.025	TP1--TP3 and DP1--DP3	DP1: 1 pulse, divergent donor
DP1	DEN_EAS_DP1_GhostDonorFix	divergent donors	1	80	-50166.468	-49638.025	TP1--TP3 and DP1--DP3	DP1: 1 pulse, divergent donor
DP1	DEN_EAS_DP1_GhostDonorFix	divergent donors	1	81	-50166.636	-49638.025	TP1--TP3 and DP1--DP3	DP1: 1 pulse, divergent donor
DP1	DEN_EAS_DP1_GhostDonorFix	divergent donors	1	82	-50166.623	-49638.025	TP1--TP3 and DP1--DP3	DP1: 1 pulse, divergent donor
DP1	DEN_EAS_DP1_GhostDonorFix	divergent donors	1	83	-50166.917	-49638.025	TP1--TP3 and DP1--DP3	DP1: 1 pulse, divergent donor
DP1	DEN_EAS_DP1_GhostDonorFix	divergent donors	1	84	-50166.683	-49638.025	TP1--TP3 and DP1--DP3	DP1: 1 pulse, divergent donor
DP1	DEN_EAS_DP1_GhostDonorFix	divergent donors	1	85	-50166.677	-49638.025	TP1--TP3 and DP1--DP3	DP1: 1 pulse, divergent donor
DP1	DEN_EAS_DP1_GhostDonorFix	divergent donors	1	86	-50166.618	-49638.025	TP1--TP3 and DP1--DP3	DP1: 1 pulse, divergent donor
DP1	DEN_EAS_DP1_GhostDonorFix	divergent donors	1	87	-50166.708	-49638.025	TP1--TP3 and DP1--DP3	DP1: 1 pulse, divergent donor
DP1	DEN_EAS_DP1_GhostDonorFix	divergent donors	1	88	-50166.854	-49638.025	TP1--TP3 and DP1--DP3	DP1: 1 pulse, divergent donor
DP1	DEN_EAS_DP1_GhostDonorFix	divergent donors	1	89	-50166.913	-49638.025	TP1--TP3 and DP1--DP3	DP1: 1 pulse, divergent donor
DP1	DEN_EAS_DP1_GhostDonorFix	divergent donors	1	90	-50166.825	-49638.025	TP1--TP3 and DP1--DP3	DP1: 1 pulse, divergent donor
DP1	DEN_EAS_DP1_GhostDonorFix	divergent donors	1	91	-50167.005	-49638.025	TP1--TP3 and DP1--DP3	DP1: 1 pulse, divergent donor
DP1	DEN_EAS_DP1_GhostDonorFix	divergent donors	1	92	-50166.963	-49638.025	TP1--TP3 and DP1--DP3	DP1: 1 pulse, divergent donor
DP1	DEN_EAS_DP1_GhostDonorFix	divergent donors	1	93	-50166.932	-49638.025	TP1--TP3 and DP1--DP3	DP1: 1 pulse, divergent donor
DP1	DEN_EAS_DP1_GhostDonorFix	divergent donors	1	94	-50166.791	-49638.025	TP1--TP3 and DP1--DP3	DP1: 1 pulse, divergent donor
DP1	DEN_EAS_DP1_GhostDonorFix	divergent donors	1	95	-50166.524	-49638.025	TP1--TP3 and DP1--DP3	DP1: 1 pulse, divergent donor
DP1	DEN_EAS_DP1_GhostDonorFix	divergent donors	1	96	-50166.582	-49638.025	TP1--TP3 and DP1--DP3	DP1: 1 pulse, divergent donor
DP1	DEN_EAS_DP1_GhostDonorFix	divergent donors	1	97	-50166.572	-49638.025	TP1--TP3 and DP1--DP3	DP1: 1 pulse, divergent donor
DP1	DEN_EAS_DP1_GhostDonorFix	divergent donors	1	98	-50166.668	-49638.025	TP1--TP3 and DP1--DP3	DP1: 1 pulse, divergent donor
DP1	DEN_EAS_DP1_GhostDonorFix	divergent donors	1	99	-50166.775	-49638.025	TP1--TP3 and DP1--DP3	DP1: 1 pulse, divergent donor
DP1	DEN_EAS_DP1_GhostDonorFix	divergent donors	1	100	-50166.812	-49638.025	TP1--TP3 and DP1--DP3	DP1: 1 pulse, divergent donor
DP2	DEN_EAS_DP2_GhostDonorsFix	divergent donors	2	1	-50167.345	-49638.025	TP1--TP3 and DP1--DP3	DP2: 2 pulses, divergent donors
DP2	DEN_EAS_DP2_GhostDonorsFix	divergent donors	2	2	-50167.032	-49638.025	TP1--TP3 and DP1--DP3	DP2: 2 pulses, divergent donors
DP2	DEN_EAS_DP2_GhostDonorsFix	divergent donors	2	3	-50167.149	-49638.025	TP1--TP3 and DP1--DP3	DP2: 2 pulses, divergent donors
DP2	DEN_EAS_DP2_GhostDonorsFix	divergent donors	2	4	-50167.177	-49638.025	TP1--TP3 and DP1--DP3	DP2: 2 pulses, divergent donors
DP2	DEN_EAS_DP2_GhostDonorsFix	divergent donors	2	5	-50167.325	-49638.025	TP1--TP3 and DP1--DP3	DP2: 2 pulses, divergent donors
DP2	DEN_EAS_DP2_GhostDonorsFix	divergent donors	2	6	-50167.323	-49638.025	TP1--TP3 and DP1--DP3	DP2: 2 pulses, divergent donors
DP2	DEN_EAS_DP2_GhostDonorsFix	divergent donors	2	7	-50167.346	-49638.025	TP1--TP3 and DP1--DP3	DP2: 2 pulses, divergent donors
DP2	DEN_EAS_DP2_GhostDonorsFix	divergent donors	2	8	-50167.452	-49638.025	TP1--TP3 and DP1--DP3	DP2: 2 pulses, divergent donors
DP2	DEN_EAS_DP2_GhostDonorsFix	divergent donors	2	9	-50167.345	-49638.025	TP1--TP3 and DP1--DP3	DP2: 2 pulses, divergent donors
DP2	DEN_EAS_DP2_GhostDonorsFix	divergent donors	2	10	-50167.338	-49638.025	TP1--TP3 and DP1--DP3	DP2: 2 pulses, divergent donors
DP2	DEN_EAS_DP2_GhostDonorsFix	divergent donors	2	11	-50167.127	-49638.025	TP1--TP3 and DP1--DP3	DP2: 2 pulses, divergent donors
DP2	DEN_EAS_DP2_GhostDonorsFix	divergent donors	2	12	-50167.103	-49638.025	TP1--TP3 and DP1--DP3	DP2: 2 pulses, divergent donors
DP2	DEN_EAS_DP2_GhostDonorsFix	divergent donors	2	13	-50166.844	-49638.025	TP1--TP3 and DP1--DP3	DP2: 2 pulses, divergent donors
DP2	DEN_EAS_DP2_GhostDonorsFix	divergent donors	2	14	-50166.807	-49638.025	TP1--TP3 and DP1--DP3	DP2: 2 pulses, divergent donors
DP2	DEN_EAS_DP2_GhostDonorsFix	divergent donors	2	15	-50166.733	-49638.025	TP1--TP3 and DP1--DP3	DP2: 2 pulses, divergent donors
DP2	DEN_EAS_DP2_GhostDonorsFix	divergent donors	2	16	-50166.681	-49638.025	TP1--TP3 and DP1--DP3	DP2: 2 pulses, divergent donors
DP2	DEN_EAS_DP2_GhostDonorsFix	divergent donors	2	17	-50166.358	-49638.025	TP1--TP3 and DP1--DP3	DP2: 2 pulses, divergent donors
DP2	DEN_EAS_DP2_GhostDonorsFix	divergent donors	2	18	-50166.731	-49638.025	TP1--TP3 and DP1--DP3	DP2: 2 pulses, divergent donors
DP2	DEN_EAS_DP2_GhostDonorsFix	divergent donors	2	19	-50166.579	-49638.025	TP1--TP3 and DP1--DP3	DP2: 2 pulses, divergent donors
DP2	DEN_EAS_DP2_GhostDonorsFix	divergent donors	2	20	-50166.873	-49638.025	TP1--TP3 and DP1--DP3	DP2: 2 pulses, divergent donors
DP2	DEN_EAS_DP2_GhostDonorsFix	divergent donors	2	21	-50166.781	-49638.025	TP1--TP3 and DP1--DP3	DP2: 2 pulses, divergent donors
DP2	DEN_EAS_DP2_GhostDonorsFix	divergent donors	2	22	-50166.692	-49638.025	TP1--TP3 and DP1--DP3	DP2: 2 pulses, divergent donors
DP2	DEN_EAS_DP2_GhostDonorsFix	divergent donors	2	23	-50166.91	-49638.025	TP1--TP3 and DP1--DP3	DP2: 2 pulses, divergent donors
DP2	DEN_EAS_DP2_GhostDonorsFix	divergent donors	2	24	-50166.899	-49638.025	TP1--TP3 and DP1--DP3	DP2: 2 pulses, divergent donors
DP2	DEN_EAS_DP2_GhostDonorsFix	divergent donors	2	25	-50167.073	-49638.025	TP1--TP3 and DP1--DP3	DP2: 2 pulses, divergent donors
DP2	DEN_EAS_DP2_GhostDonorsFix	divergent donors	2	26	-50167.003	-49638.025	TP1--TP3 and DP1--DP3	DP2: 2 pulses, divergent donors
DP2	DEN_EAS_DP2_GhostDonorsFix	divergent donors	2	27	-50167.031	-49638.025	TP1--TP3 and DP1--DP3	DP2: 2 pulses, divergent donors
DP2	DEN_EAS_DP2_GhostDonorsFix	divergent donors	2	28	-50166.855	-49638.025	TP1--TP3 and DP1--DP3	DP2: 2 pulses, divergent donors
DP2	DEN_EAS_DP2_GhostDonorsFix	divergent donors	2	29	-50166.863	-49638.025	TP1--TP3 and DP1--DP3	DP2: 2 pulses, divergent donors
DP2	DEN_EAS_DP2_GhostDonorsFix	divergent donors	2	30	-50166.622	-49638.025	TP1--TP3 and DP1--DP3	DP2: 2 pulses, divergent donors
DP2	DEN_EAS_DP2_GhostDonorsFix	divergent donors	2	31	-50166.98	-49638.025	TP1--TP3 and DP1--DP3	DP2: 2 pulses, divergent donors
DP2	DEN_EAS_DP2_GhostDonorsFix	divergent donors	2	32	-50166.841	-49638.025	TP1--TP3 and DP1--DP3	DP2: 2 pulses, divergent donors
DP2	DEN_EAS_DP2_GhostDonorsFix	divergent donors	2	33	-50166.977	-49638.025	TP1--TP3 and DP1--DP3	DP2: 2 pulses, divergent donors
DP2	DEN_EAS_DP2_GhostDonorsFix	divergent donors	2	34	-50166.938	-49638.025	TP1--TP3 and DP1--DP3	DP2: 2 pulses, divergent donors
DP2	DEN_EAS_DP2_GhostDonorsFix	divergent donors	2	35	-50166.832	-49638.025	TP1--TP3 and DP1--DP3	DP2: 2 pulses, divergent donors
DP2	DEN_EAS_DP2_GhostDonorsFix	divergent donors	2	36	-50166.762	-49638.025	TP1--TP3 and DP1--DP3	DP2: 2 pulses, divergent donors
DP2	DEN_EAS_DP2_GhostDonorsFix	divergent donors	2	37	-50166.687	-49638.025	TP1--TP3 and DP1--DP3	DP2: 2 pulses, divergent donors
DP2	DEN_EAS_DP2_GhostDonorsFix	divergent donors	2	38	-50166.567	-49638.025	TP1--TP3 and DP1--DP3	DP2: 2 pulses, divergent donors
DP2	DEN_EAS_DP2_GhostDonorsFix	divergent donors	2	39	-50166.656	-49638.025	TP1--TP3 and DP1--DP3	DP2: 2 pulses, divergent donors
DP2	DEN_EAS_DP2_GhostDonorsFix	divergent donors	2	40	-50166.819	-49638.025	TP1--TP3 and DP1--DP3	DP2: 2 pulses, divergent donors
DP2	DEN_EAS_DP2_GhostDonorsFix	divergent donors	2	41	-50166.876	-49638.025	TP1--TP3 and DP1--DP3	DP2: 2 pulses, divergent donors
DP2	DEN_EAS_DP2_GhostDonorsFix	divergent donors	2	42	-50166.897	-49638.025	TP1--TP3 and DP1--DP3	DP2: 2 pulses, divergent donors
DP2	DEN_EAS_DP2_GhostDonorsFix	divergent donors	2	43	-50166.7	-49638.025	TP1--TP3 and DP1--DP3	DP2: 2 pulses, divergent donors
DP2	DEN_EAS_DP2_GhostDonorsFix	divergent donors	2	44	-50166.595	-49638.025	TP1--TP3 and DP1--DP3	DP2: 2 pulses, divergent donors
DP2	DEN_EAS_DP2_GhostDonorsFix	divergent donors	2	45	-50166.389	-49638.025	TP1--TP3 and DP1--DP3	DP2: 2 pulses, divergent donors
DP2	DEN_EAS_DP2_GhostDonorsFix	divergent donors	2	46	-50166.464	-49638.025	TP1--TP3 and DP1--DP3	DP2: 2 pulses, divergent donors
DP2	DEN_EAS_DP2_GhostDonorsFix	divergent donors	2	47	-50166.892	-49638.025	TP1--TP3 and DP1--DP3	DP2: 2 pulses, divergent donors
DP2	DEN_EAS_DP2_GhostDonorsFix	divergent donors	2	48	-50166.99	-49638.025	TP1--TP3 and DP1--DP3	DP2: 2 pulses, divergent donors
DP2	DEN_EAS_DP2_GhostDonorsFix	divergent donors	2	49	-50167.082	-49638.025	TP1--TP3 and DP1--DP3	DP2: 2 pulses, divergent donors
DP2	DEN_EAS_DP2_GhostDonorsFix	divergent donors	2	50	-50167.196	-49638.025	TP1--TP3 and DP1--DP3	DP2: 2 pulses, divergent donors
DP2	DEN_EAS_DP2_GhostDonorsFix	divergent donors	2	51	-50167.386	-49638.025	TP1--TP3 and DP1--DP3	DP2: 2 pulses, divergent donors
DP2	DEN_EAS_DP2_GhostDonorsFix	divergent donors	2	52	-50167.34	-49638.025	TP1--TP3 and DP1--DP3	DP2: 2 pulses, divergent donors
DP2	DEN_EAS_DP2_GhostDonorsFix	divergent donors	2	53	-50167.527	-49638.025	TP1--TP3 and DP1--DP3	DP2: 2 pulses, divergent donors
DP2	DEN_EAS_DP2_GhostDonorsFix	divergent donors	2	54	-50167.56	-49638.025	TP1--TP3 and DP1--DP3	DP2: 2 pulses, divergent donors
DP2	DEN_EAS_DP2_GhostDonorsFix	divergent donors	2	55	-50167.5	-49638.025	TP1--TP3 and DP1--DP3	DP2: 2 pulses, divergent donors
DP2	DEN_EAS_DP2_GhostDonorsFix	divergent donors	2	56	-50167.451	-49638.025	TP1--TP3 and DP1--DP3	DP2: 2 pulses, divergent donors
DP2	DEN_EAS_DP2_GhostDonorsFix	divergent donors	2	57	-50167.232	-49638.025	TP1--TP3 and DP1--DP3	DP2: 2 pulses, divergent donors
DP2	DEN_EAS_DP2_GhostDonorsFix	divergent donors	2	58	-50167.131	-49638.025	TP1--TP3 and DP1--DP3	DP2: 2 pulses, divergent donors
DP2	DEN_EAS_DP2_GhostDonorsFix	divergent donors	2	59	-50167.101	-49638.025	TP1--TP3 and DP1--DP3	DP2: 2 pulses, divergent donors
DP2	DEN_EAS_DP2_GhostDonorsFix	divergent donors	2	60	-50167.021	-49638.025	TP1--TP3 and DP1--DP3	DP2: 2 pulses, divergent donors
DP2	DEN_EAS_DP2_GhostDonorsFix	divergent donors	2	61	-50167.071	-49638.025	TP1--TP3 and DP1--DP3	DP2: 2 pulses, divergent donors
DP2	DEN_EAS_DP2_GhostDonorsFix	divergent donors	2	62	-50167.344	-49638.025	TP1--TP3 and DP1--DP3	DP2: 2 pulses, divergent donors
DP2	DEN_EAS_DP2_GhostDonorsFix	divergent donors	2	63	-50167.391	-49638.025	TP1--TP3 and DP1--DP3	DP2: 2 pulses, divergent donors
DP2	DEN_EAS_DP2_GhostDonorsFix	divergent donors	2	64	-50167.503	-49638.025	TP1--TP3 and DP1--DP3	DP2: 2 pulses, divergent donors
DP2	DEN_EAS_DP2_GhostDonorsFix	divergent donors	2	65	-50167.514	-49638.025	TP1--TP3 and DP1--DP3	DP2: 2 pulses, divergent donors
DP2	DEN_EAS_DP2_GhostDonorsFix	divergent donors	2	66	-50167.442	-49638.025	TP1--TP3 and DP1--DP3	DP2: 2 pulses, divergent donors
DP2	DEN_EAS_DP2_GhostDonorsFix	divergent donors	2	67	-50167.381	-49638.025	TP1--TP3 and DP1--DP3	DP2: 2 pulses, divergent donors
DP2	DEN_EAS_DP2_GhostDonorsFix	divergent donors	2	68	-50167.588	-49638.025	TP1--TP3 and DP1--DP3	DP2: 2 pulses, divergent donors
DP2	DEN_EAS_DP2_GhostDonorsFix	divergent donors	2	69	-50167.394	-49638.025	TP1--TP3 and DP1--DP3	DP2: 2 pulses, divergent donors
DP2	DEN_EAS_DP2_GhostDonorsFix	divergent donors	2	70	-50167.332	-49638.025	TP1--TP3 and DP1--DP3	DP2: 2 pulses, divergent donors
DP2	DEN_EAS_DP2_GhostDonorsFix	divergent donors	2	71	-50167.217	-49638.025	TP1--TP3 and DP1--DP3	DP2: 2 pulses, divergent donors
DP2	DEN_EAS_DP2_GhostDonorsFix	divergent donors	2	72	-50167.371	-49638.025	TP1--TP3 and DP1--DP3	DP2: 2 pulses, divergent donors
DP2	DEN_EAS_DP2_GhostDonorsFix	divergent donors	2	73	-50167.625	-49638.025	TP1--TP3 and DP1--DP3	DP2: 2 pulses, divergent donors
DP2	DEN_EAS_DP2_GhostDonorsFix	divergent donors	2	74	-50167.244	-49638.025	TP1--TP3 and DP1--DP3	DP2: 2 pulses, divergent donors
DP2	DEN_EAS_DP2_GhostDonorsFix	divergent donors	2	75	-50167.246	-49638.025	TP1--TP3 and DP1--DP3	DP2: 2 pulses, divergent donors
DP2	DEN_EAS_DP2_GhostDonorsFix	divergent donors	2	76	-50167.327	-49638.025	TP1--TP3 and DP1--DP3	DP2: 2 pulses, divergent donors
DP2	DEN_EAS_DP2_GhostDonorsFix	divergent donors	2	77	-50167.214	-49638.025	TP1--TP3 and DP1--DP3	DP2: 2 pulses, divergent donors
DP2	DEN_EAS_DP2_GhostDonorsFix	divergent donors	2	78	-50167.198	-49638.025	TP1--TP3 and DP1--DP3	DP2: 2 pulses, divergent donors
DP2	DEN_EAS_DP2_GhostDonorsFix	divergent donors	2	79	-50167.287	-49638.025	TP1--TP3 and DP1--DP3	DP2: 2 pulses, divergent donors
DP2	DEN_EAS_DP2_GhostDonorsFix	divergent donors	2	80	-50167.214	-49638.025	TP1--TP3 and DP1--DP3	DP2: 2 pulses, divergent donors
DP2	DEN_EAS_DP2_GhostDonorsFix	divergent donors	2	81	-50167.375	-49638.025	TP1--TP3 and DP1--DP3	DP2: 2 pulses, divergent donors
DP2	DEN_EAS_DP2_GhostDonorsFix	divergent donors	2	82	-50167.548	-49638.025	TP1--TP3 and DP1--DP3	DP2: 2 pulses, divergent donors
DP2	DEN_EAS_DP2_GhostDonorsFix	divergent donors	2	83	-50167.522	-49638.025	TP1--TP3 and DP1--DP3	DP2: 2 pulses, divergent donors
DP2	DEN_EAS_DP2_GhostDonorsFix	divergent donors	2	84	-50167.541	-49638.025	TP1--TP3 and DP1--DP3	DP2: 2 pulses, divergent donors
DP2	DEN_EAS_DP2_GhostDonorsFix	divergent donors	2	85	-50167.423	-49638.025	TP1--TP3 and DP1--DP3	DP2: 2 pulses, divergent donors
DP2	DEN_EAS_DP2_GhostDonorsFix	divergent donors	2	86	-50167.222	-49638.025	TP1--TP3 and DP1--DP3	DP2: 2 pulses, divergent donors
DP2	DEN_EAS_DP2_GhostDonorsFix	divergent donors	2	87	-50167.58	-49638.025	TP1--TP3 and DP1--DP3	DP2: 2 pulses, divergent donors
DP2	DEN_EAS_DP2_GhostDonorsFix	divergent donors	2	88	-50167.511	-49638.025	TP1--TP3 and DP1--DP3	DP2: 2 pulses, divergent donors
DP2	DEN_EAS_DP2_GhostDonorsFix	divergent donors	2	89	-50167.441	-49638.025	TP1--TP3 and DP1--DP3	DP2: 2 pulses, divergent donors
DP2	DEN_EAS_DP2_GhostDonorsFix	divergent donors	2	90	-50167.415	-49638.025	TP1--TP3 and DP1--DP3	DP2: 2 pulses, divergent donors
DP2	DEN_EAS_DP2_GhostDonorsFix	divergent donors	2	91	-50167.321	-49638.025	TP1--TP3 and DP1--DP3	DP2: 2 pulses, divergent donors
DP2	DEN_EAS_DP2_GhostDonorsFix	divergent donors	2	92	-50167.132	-49638.025	TP1--TP3 and DP1--DP3	DP2: 2 pulses, divergent donors
DP2	DEN_EAS_DP2_GhostDonorsFix	divergent donors	2	93	-50167.053	-49638.025	TP1--TP3 and DP1--DP3	DP2: 2 pulses, divergent donors
DP2	DEN_EAS_DP2_GhostDonorsFix	divergent donors	2	94	-50166.816	-49638.025	TP1--TP3 and DP1--DP3	DP2: 2 pulses, divergent donors
DP2	DEN_EAS_DP2_GhostDonorsFix	divergent donors	2	95	-50166.927	-49638.025	TP1--TP3 and DP1--DP3	DP2: 2 pulses, divergent donors
DP2	DEN_EAS_DP2_GhostDonorsFix	divergent donors	2	96	-50166.779	-49638.025	TP1--TP3 and DP1--DP3	DP2: 2 pulses, divergent donors
DP2	DEN_EAS_DP2_GhostDonorsFix	divergent donors	2	97	-50166.784	-49638.025	TP1--TP3 and DP1--DP3	DP2: 2 pulses, divergent donors
DP2	DEN_EAS_DP2_GhostDonorsFix	divergent donors	2	98	-50166.89	-49638.025	TP1--TP3 and DP1--DP3	DP2: 2 pulses, divergent donors
DP2	DEN_EAS_DP2_GhostDonorsFix	divergent donors	2	99	-50167.082	-49638.025	TP1--TP3 and DP1--DP3	DP2: 2 pulses, divergent donors
DP2	DEN_EAS_DP2_GhostDonorsFix	divergent donors	2	100	-50167	-49638.025	TP1--TP3 and DP1--DP3	DP2: 2 pulses, divergent donors
DP3	DEN_EAS_DP3_GhostDonorsFix	divergent donors	3	1	-50166.519	-49638.025	TP1--TP3 and DP1--DP3	DP3: 3 pulses, divergent donors
DP3	DEN_EAS_DP3_GhostDonorsFix	divergent donors	3	2	-50166.492	-49638.025	TP1--TP3 and DP1--DP3	DP3: 3 pulses, divergent donors
DP3	DEN_EAS_DP3_GhostDonorsFix	divergent donors	3	3	-50166.767	-49638.025	TP1--TP3 and DP1--DP3	DP3: 3 pulses, divergent donors
DP3	DEN_EAS_DP3_GhostDonorsFix	divergent donors	3	4	-50166.542	-49638.025	TP1--TP3 and DP1--DP3	DP3: 3 pulses, divergent donors
DP3	DEN_EAS_DP3_GhostDonorsFix	divergent donors	3	5	-50166.682	-49638.025	TP1--TP3 and DP1--DP3	DP3: 3 pulses, divergent donors
DP3	DEN_EAS_DP3_GhostDonorsFix	divergent donors	3	6	-50166.879	-49638.025	TP1--TP3 and DP1--DP3	DP3: 3 pulses, divergent donors
DP3	DEN_EAS_DP3_GhostDonorsFix	divergent donors	3	7	-50166.866	-49638.025	TP1--TP3 and DP1--DP3	DP3: 3 pulses, divergent donors
DP3	DEN_EAS_DP3_GhostDonorsFix	divergent donors	3	8	-50167.005	-49638.025	TP1--TP3 and DP1--DP3	DP3: 3 pulses, divergent donors
DP3	DEN_EAS_DP3_GhostDonorsFix	divergent donors	3	9	-50166.87	-49638.025	TP1--TP3 and DP1--DP3	DP3: 3 pulses, divergent donors
DP3	DEN_EAS_DP3_GhostDonorsFix	divergent donors	3	10	-50166.812	-49638.025	TP1--TP3 and DP1--DP3	DP3: 3 pulses, divergent donors
DP3	DEN_EAS_DP3_GhostDonorsFix	divergent donors	3	11	-50166.951	-49638.025	TP1--TP3 and DP1--DP3	DP3: 3 pulses, divergent donors
DP3	DEN_EAS_DP3_GhostDonorsFix	divergent donors	3	12	-50166.92	-49638.025	TP1--TP3 and DP1--DP3	DP3: 3 pulses, divergent donors
DP3	DEN_EAS_DP3_GhostDonorsFix	divergent donors	3	13	-50166.505	-49638.025	TP1--TP3 and DP1--DP3	DP3: 3 pulses, divergent donors
DP3	DEN_EAS_DP3_GhostDonorsFix	divergent donors	3	14	-50166.773	-49638.025	TP1--TP3 and DP1--DP3	DP3: 3 pulses, divergent donors
DP3	DEN_EAS_DP3_GhostDonorsFix	divergent donors	3	15	-50166.702	-49638.025	TP1--TP3 and DP1--DP3	DP3: 3 pulses, divergent donors
DP3	DEN_EAS_DP3_GhostDonorsFix	divergent donors	3	16	-50166.49	-49638.025	TP1--TP3 and DP1--DP3	DP3: 3 pulses, divergent donors
DP3	DEN_EAS_DP3_GhostDonorsFix	divergent donors	3	17	-50166.329	-49638.025	TP1--TP3 and DP1--DP3	DP3: 3 pulses, divergent donors
DP3	DEN_EAS_DP3_GhostDonorsFix	divergent donors	3	18	-50166.408	-49638.025	TP1--TP3 and DP1--DP3	DP3: 3 pulses, divergent donors
DP3	DEN_EAS_DP3_GhostDonorsFix	divergent donors	3	19	-50166.184	-49638.025	TP1--TP3 and DP1--DP3	DP3: 3 pulses, divergent donors
DP3	DEN_EAS_DP3_GhostDonorsFix	divergent donors	3	20	-50166.25	-49638.025	TP1--TP3 and DP1--DP3	DP3: 3 pulses, divergent donors
DP3	DEN_EAS_DP3_GhostDonorsFix	divergent donors	3	21	-50166.281	-49638.025	TP1--TP3 and DP1--DP3	DP3: 3 pulses, divergent donors
DP3	DEN_EAS_DP3_GhostDonorsFix	divergent donors	3	22	-50166.04	-49638.025	TP1--TP3 and DP1--DP3	DP3: 3 pulses, divergent donors
DP3	DEN_EAS_DP3_GhostDonorsFix	divergent donors	3	23	-50166.171	-49638.025	TP1--TP3 and DP1--DP3	DP3: 3 pulses, divergent donors
DP3	DEN_EAS_DP3_GhostDonorsFix	divergent donors	3	24	-50166.331	-49638.025	TP1--TP3 and DP1--DP3	DP3: 3 pulses, divergent donors
DP3	DEN_EAS_DP3_GhostDonorsFix	divergent donors	3	25	-50166.331	-49638.025	TP1--TP3 and DP1--DP3	DP3: 3 pulses, divergent donors
DP3	DEN_EAS_DP3_GhostDonorsFix	divergent donors	3	26	-50166.139	-49638.025	TP1--TP3 and DP1--DP3	DP3: 3 pulses, divergent donors
DP3	DEN_EAS_DP3_GhostDonorsFix	divergent donors	3	27	-50166.121	-49638.025	TP1--TP3 and DP1--DP3	DP3: 3 pulses, divergent donors
DP3	DEN_EAS_DP3_GhostDonorsFix	divergent donors	3	28	-50166.187	-49638.025	TP1--TP3 and DP1--DP3	DP3: 3 pulses, divergent donors
DP3	DEN_EAS_DP3_GhostDonorsFix	divergent donors	3	29	-50166.08	-49638.025	TP1--TP3 and DP1--DP3	DP3: 3 pulses, divergent donors
DP3	DEN_EAS_DP3_GhostDonorsFix	divergent donors	3	30	-50166.237	-49638.025	TP1--TP3 and DP1--DP3	DP3: 3 pulses, divergent donors
DP3	DEN_EAS_DP3_GhostDonorsFix	divergent donors	3	31	-50166.184	-49638.025	TP1--TP3 and DP1--DP3	DP3: 3 pulses, divergent donors
DP3	DEN_EAS_DP3_GhostDonorsFix	divergent donors	3	32	-50166	-49638.025	TP1--TP3 and DP1--DP3	DP3: 3 pulses, divergent donors
DP3	DEN_EAS_DP3_GhostDonorsFix	divergent donors	3	33	-50166.022	-49638.025	TP1--TP3 and DP1--DP3	DP3: 3 pulses, divergent donors
DP3	DEN_EAS_DP3_GhostDonorsFix	divergent donors	3	34	-50166.087	-49638.025	TP1--TP3 and DP1--DP3	DP3: 3 pulses, divergent donors
DP3	DEN_EAS_DP3_GhostDonorsFix	divergent donors	3	35	-50165.959	-49638.025	TP1--TP3 and DP1--DP3	DP3: 3 pulses, divergent donors
DP3	DEN_EAS_DP3_GhostDonorsFix	divergent donors	3	36	-50165.929	-49638.025	TP1--TP3 and DP1--DP3	DP3: 3 pulses, divergent donors
DP3	DEN_EAS_DP3_GhostDonorsFix	divergent donors	3	37	-50166.025	-49638.025	TP1--TP3 and DP1--DP3	DP3: 3 pulses, divergent donors
DP3	DEN_EAS_DP3_GhostDonorsFix	divergent donors	3	38	-50166.029	-49638.025	TP1--TP3 and DP1--DP3	DP3: 3 pulses, divergent donors
DP3	DEN_EAS_DP3_GhostDonorsFix	divergent donors	3	39	-50166.238	-49638.025	TP1--TP3 and DP1--DP3	DP3: 3 pulses, divergent donors
DP3	DEN_EAS_DP3_GhostDonorsFix	divergent donors	3	40	-50166.102	-49638.025	TP1--TP3 and DP1--DP3	DP3: 3 pulses, divergent donors
DP3	DEN_EAS_DP3_GhostDonorsFix	divergent donors	3	41	-50165.997	-49638.025	TP1--TP3 and DP1--DP3	DP3: 3 pulses, divergent donors
DP3	DEN_EAS_DP3_GhostDonorsFix	divergent donors	3	42	-50166.012	-49638.025	TP1--TP3 and DP1--DP3	DP3: 3 pulses, divergent donors
DP3	DEN_EAS_DP3_GhostDonorsFix	divergent donors	3	43	-50165.818	-49638.025	TP1--TP3 and DP1--DP3	DP3: 3 pulses, divergent donors
DP3	DEN_EAS_DP3_GhostDonorsFix	divergent donors	3	44	-50165.659	-49638.025	TP1--TP3 and DP1--DP3	DP3: 3 pulses, divergent donors
DP3	DEN_EAS_DP3_GhostDonorsFix	divergent donors	3	45	-50165.775	-49638.025	TP1--TP3 and DP1--DP3	DP3: 3 pulses, divergent donors
DP3	DEN_EAS_DP3_GhostDonorsFix	divergent donors	3	46	-50165.606	-49638.025	TP1--TP3 and DP1--DP3	DP3: 3 pulses, divergent donors
DP3	DEN_EAS_DP3_GhostDonorsFix	divergent donors	3	47	-50165.477	-49638.025	TP1--TP3 and DP1--DP3	DP3: 3 pulses, divergent donors
DP3	DEN_EAS_DP3_GhostDonorsFix	divergent donors	3	48	-50165.631	-49638.025	TP1--TP3 and DP1--DP3	DP3: 3 pulses, divergent donors
DP3	DEN_EAS_DP3_GhostDonorsFix	divergent donors	3	49	-50165.583	-49638.025	TP1--TP3 and DP1--DP3	DP3: 3 pulses, divergent donors
DP3	DEN_EAS_DP3_GhostDonorsFix	divergent donors	3	50	-50165.466	-49638.025	TP1--TP3 and DP1--DP3	DP3: 3 pulses, divergent donors
DP3	DEN_EAS_DP3_GhostDonorsFix	divergent donors	3	51	-50165.554	-49638.025	TP1--TP3 and DP1--DP3	DP3: 3 pulses, divergent donors
DP3	DEN_EAS_DP3_GhostDonorsFix	divergent donors	3	52	-50165.671	-49638.025	TP1--TP3 and DP1--DP3	DP3: 3 pulses, divergent donors
DP3	DEN_EAS_DP3_GhostDonorsFix	divergent donors	3	53	-50165.946	-49638.025	TP1--TP3 and DP1--DP3	DP3: 3 pulses, divergent donors
DP3	DEN_EAS_DP3_GhostDonorsFix	divergent donors	3	54	-50166.098	-49638.025	TP1--TP3 and DP1--DP3	DP3: 3 pulses, divergent donors
DP3	DEN_EAS_DP3_GhostDonorsFix	divergent donors	3	55	-50166.237	-49638.025	TP1--TP3 and DP1--DP3	DP3: 3 pulses, divergent donors
DP3	DEN_EAS_DP3_GhostDonorsFix	divergent donors	3	56	-50166.43	-49638.025	TP1--TP3 and DP1--DP3	DP3: 3 pulses, divergent donors
DP3	DEN_EAS_DP3_GhostDonorsFix	divergent donors	3	57	-50166.371	-49638.025	TP1--TP3 and DP1--DP3	DP3: 3 pulses, divergent donors
DP3	DEN_EAS_DP3_GhostDonorsFix	divergent donors	3	58	-50166.247	-49638.025	TP1--TP3 and DP1--DP3	DP3: 3 pulses, divergent donors
DP3	DEN_EAS_DP3_GhostDonorsFix	divergent donors	3	59	-50166.17	-49638.025	TP1--TP3 and DP1--DP3	DP3: 3 pulses, divergent donors
DP3	DEN_EAS_DP3_GhostDonorsFix	divergent donors	3	60	-50166.257	-49638.025	TP1--TP3 and DP1--DP3	DP3: 3 pulses, divergent donors
DP3	DEN_EAS_DP3_GhostDonorsFix	divergent donors	3	61	-50166.429	-49638.025	TP1--TP3 and DP1--DP3	DP3: 3 pulses, divergent donors
DP3	DEN_EAS_DP3_GhostDonorsFix	divergent donors	3	62	-50166.572	-49638.025	TP1--TP3 and DP1--DP3	DP3: 3 pulses, divergent donors
DP3	DEN_EAS_DP3_GhostDonorsFix	divergent donors	3	63	-50166.604	-49638.025	TP1--TP3 and DP1--DP3	DP3: 3 pulses, divergent donors
DP3	DEN_EAS_DP3_GhostDonorsFix	divergent donors	3	64	-50166.813	-49638.025	TP1--TP3 and DP1--DP3	DP3: 3 pulses, divergent donors
DP3	DEN_EAS_DP3_GhostDonorsFix	divergent donors	3	65	-50166.816	-49638.025	TP1--TP3 and DP1--DP3	DP3: 3 pulses, divergent donors
DP3	DEN_EAS_DP3_GhostDonorsFix	divergent donors	3	66	-50166.63	-49638.025	TP1--TP3 and DP1--DP3	DP3: 3 pulses, divergent donors
DP3	DEN_EAS_DP3_GhostDonorsFix	divergent donors	3	67	-50166.455	-49638.025	TP1--TP3 and DP1--DP3	DP3: 3 pulses, divergent donors
DP3	DEN_EAS_DP3_GhostDonorsFix	divergent donors	3	68	-50166.543	-49638.025	TP1--TP3 and DP1--DP3	DP3: 3 pulses, divergent donors
DP3	DEN_EAS_DP3_GhostDonorsFix	divergent donors	3	69	-50166.409	-49638.025	TP1--TP3 and DP1--DP3	DP3: 3 pulses, divergent donors
DP3	DEN_EAS_DP3_GhostDonorsFix	divergent donors	3	70	-50166.481	-49638.025	TP1--TP3 and DP1--DP3	DP3: 3 pulses, divergent donors
DP3	DEN_EAS_DP3_GhostDonorsFix	divergent donors	3	71	-50166.553	-49638.025	TP1--TP3 and DP1--DP3	DP3: 3 pulses, divergent donors
DP3	DEN_EAS_DP3_GhostDonorsFix	divergent donors	3	72	-50166.362	-49638.025	TP1--TP3 and DP1--DP3	DP3: 3 pulses, divergent donors
DP3	DEN_EAS_DP3_GhostDonorsFix	divergent donors	3	73	-50166.618	-49638.025	TP1--TP3 and DP1--DP3	DP3: 3 pulses, divergent donors
DP3	DEN_EAS_DP3_GhostDonorsFix	divergent donors	3	74	-50166.592	-49638.025	TP1--TP3 and DP1--DP3	DP3: 3 pulses, divergent donors
DP3	DEN_EAS_DP3_GhostDonorsFix	divergent donors	3	75	-50166.489	-49638.025	TP1--TP3 and DP1--DP3	DP3: 3 pulses, divergent donors
DP3	DEN_EAS_DP3_GhostDonorsFix	divergent donors	3	76	-50166.354	-49638.025	TP1--TP3 and DP1--DP3	DP3: 3 pulses, divergent donors
DP3	DEN_EAS_DP3_GhostDonorsFix	divergent donors	3	77	-50166.423	-49638.025	TP1--TP3 and DP1--DP3	DP3: 3 pulses, divergent donors
DP3	DEN_EAS_DP3_GhostDonorsFix	divergent donors	3	78	-50166.405	-49638.025	TP1--TP3 and DP1--DP3	DP3: 3 pulses, divergent donors
DP3	DEN_EAS_DP3_GhostDonorsFix	divergent donors	3	79	-50166.398	-49638.025	TP1--TP3 and DP1--DP3	DP3: 3 pulses, divergent donors
DP3	DEN_EAS_DP3_GhostDonorsFix	divergent donors	3	80	-50166.312	-49638.025	TP1--TP3 and DP1--DP3	DP3: 3 pulses, divergent donors
DP3	DEN_EAS_DP3_GhostDonorsFix	divergent donors	3	81	-50166.426	-49638.025	TP1--TP3 and DP1--DP3	DP3: 3 pulses, divergent donors
DP3	DEN_EAS_DP3_GhostDonorsFix	divergent donors	3	82	-50166.545	-49638.025	TP1--TP3 and DP1--DP3	DP3: 3 pulses, divergent donors
DP3	DEN_EAS_DP3_GhostDonorsFix	divergent donors	3	83	-50166.448	-49638.025	TP1--TP3 and DP1--DP3	DP3: 3 pulses, divergent donors
DP3	DEN_EAS_DP3_GhostDonorsFix	divergent donors	3	84	-50166.513	-49638.025	TP1--TP3 and DP1--DP3	DP3: 3 pulses, divergent donors
DP3	DEN_EAS_DP3_GhostDonorsFix	divergent donors	3	85	-50166.583	-49638.025	TP1--TP3 and DP1--DP3	DP3: 3 pulses, divergent donors
DP3	DEN_EAS_DP3_GhostDonorsFix	divergent donors	3	86	-50166.695	-49638.025	TP1--TP3 and DP1--DP3	DP3: 3 pulses, divergent donors
DP3	DEN_EAS_DP3_GhostDonorsFix	divergent donors	3	87	-50166.812	-49638.025	TP1--TP3 and DP1--DP3	DP3: 3 pulses, divergent donors
DP3	DEN_EAS_DP3_GhostDonorsFix	divergent donors	3	88	-50166.753	-49638.025	TP1--TP3 and DP1--DP3	DP3: 3 pulses, divergent donors
DP3	DEN_EAS_DP3_GhostDonorsFix	divergent donors	3	89	-50166.754	-49638.025	TP1--TP3 and DP1--DP3	DP3: 3 pulses, divergent donors
DP3	DEN_EAS_DP3_GhostDonorsFix	divergent donors	3	90	-50166.71	-49638.025	TP1--TP3 and DP1--DP3	DP3: 3 pulses, divergent donors
DP3	DEN_EAS_DP3_GhostDonorsFix	divergent donors	3	91	-50166.611	-49638.025	TP1--TP3 and DP1--DP3	DP3: 3 pulses, divergent donors
DP3	DEN_EAS_DP3_GhostDonorsFix	divergent donors	3	92	-50166.604	-49638.025	TP1--TP3 and DP1--DP3	DP3: 3 pulses, divergent donors
DP3	DEN_EAS_DP3_GhostDonorsFix	divergent donors	3	93	-50166.484	-49638.025	TP1--TP3 and DP1--DP3	DP3: 3 pulses, divergent donors
DP3	DEN_EAS_DP3_GhostDonorsFix	divergent donors	3	94	-50166.458	-49638.025	TP1--TP3 and DP1--DP3	DP3: 3 pulses, divergent donors
DP3	DEN_EAS_DP3_GhostDonorsFix	divergent donors	3	95	-50166.457	-49638.025	TP1--TP3 and DP1--DP3	DP3: 3 pulses, divergent donors
DP3	DEN_EAS_DP3_GhostDonorsFix	divergent donors	3	96	-50166.452	-49638.025	TP1--TP3 and DP1--DP3	DP3: 3 pulses, divergent donors
DP3	DEN_EAS_DP3_GhostDonorsFix	divergent donors	3	97	-50166.38	-49638.025	TP1--TP3 and DP1--DP3	DP3: 3 pulses, divergent donors
DP3	DEN_EAS_DP3_GhostDonorsFix	divergent donors	3	98	-50166.402	-49638.025	TP1--TP3 and DP1--DP3	DP3: 3 pulses, divergent donors
DP3	DEN_EAS_DP3_GhostDonorsFix	divergent donors	3	99	-50166.555	-49638.025	TP1--TP3 and DP1--DP3	DP3: 3 pulses, divergent donors
DP3	DEN_EAS_DP3_GhostDonorsFix	divergent donors	3	100	-50166.555	-49638.025	TP1--TP3 and DP1--DP3	DP3: 3 pulses, divergent donors
TP1	DEN_EAS_TP1_MA2025fix	shared donor	1	1	-50166.762	-49638.025	TP1--TP3 and DP1--DP3	TP1: 1 pulse, shared donor
TP1	DEN_EAS_TP1_MA2025fix	shared donor	1	2	-50167.253	-49638.025	TP1--TP3 and DP1--DP3	TP1: 1 pulse, shared donor
TP1	DEN_EAS_TP1_MA2025fix	shared donor	1	3	-50166.872	-49638.025	TP1--TP3 and DP1--DP3	TP1: 1 pulse, shared donor
TP1	DEN_EAS_TP1_MA2025fix	shared donor	1	4	-50167.021	-49638.025	TP1--TP3 and DP1--DP3	TP1: 1 pulse, shared donor
TP1	DEN_EAS_TP1_MA2025fix	shared donor	1	5	-50167.145	-49638.025	TP1--TP3 and DP1--DP3	TP1: 1 pulse, shared donor
TP1	DEN_EAS_TP1_MA2025fix	shared donor	1	6	-50167.002	-49638.025	TP1--TP3 and DP1--DP3	TP1: 1 pulse, shared donor
TP1	DEN_EAS_TP1_MA2025fix	shared donor	1	7	-50167.066	-49638.025	TP1--TP3 and DP1--DP3	TP1: 1 pulse, shared donor
TP1	DEN_EAS_TP1_MA2025fix	shared donor	1	8	-50167.042	-49638.025	TP1--TP3 and DP1--DP3	TP1: 1 pulse, shared donor
TP1	DEN_EAS_TP1_MA2025fix	shared donor	1	9	-50167.147	-49638.025	TP1--TP3 and DP1--DP3	TP1: 1 pulse, shared donor
TP1	DEN_EAS_TP1_MA2025fix	shared donor	1	10	-50167.332	-49638.025	TP1--TP3 and DP1--DP3	TP1: 1 pulse, shared donor
TP1	DEN_EAS_TP1_MA2025fix	shared donor	1	11	-50167.389	-49638.025	TP1--TP3 and DP1--DP3	TP1: 1 pulse, shared donor
TP1	DEN_EAS_TP1_MA2025fix	shared donor	1	12	-50167.278	-49638.025	TP1--TP3 and DP1--DP3	TP1: 1 pulse, shared donor
TP1	DEN_EAS_TP1_MA2025fix	shared donor	1	13	-50167.068	-49638.025	TP1--TP3 and DP1--DP3	TP1: 1 pulse, shared donor
TP1	DEN_EAS_TP1_MA2025fix	shared donor	1	14	-50166.779	-49638.025	TP1--TP3 and DP1--DP3	TP1: 1 pulse, shared donor
TP1	DEN_EAS_TP1_MA2025fix	shared donor	1	15	-50167.256	-49638.025	TP1--TP3 and DP1--DP3	TP1: 1 pulse, shared donor
TP1	DEN_EAS_TP1_MA2025fix	shared donor	1	16	-50167.229	-49638.025	TP1--TP3 and DP1--DP3	TP1: 1 pulse, shared donor
TP1	DEN_EAS_TP1_MA2025fix	shared donor	1	17	-50167.174	-49638.025	TP1--TP3 and DP1--DP3	TP1: 1 pulse, shared donor
TP1	DEN_EAS_TP1_MA2025fix	shared donor	1	18	-50167.302	-49638.025	TP1--TP3 and DP1--DP3	TP1: 1 pulse, shared donor
TP1	DEN_EAS_TP1_MA2025fix	shared donor	1	19	-50167.227	-49638.025	TP1--TP3 and DP1--DP3	TP1: 1 pulse, shared donor
TP1	DEN_EAS_TP1_MA2025fix	shared donor	1	20	-50167.363	-49638.025	TP1--TP3 and DP1--DP3	TP1: 1 pulse, shared donor
TP1	DEN_EAS_TP1_MA2025fix	shared donor	1	21	-50167.472	-49638.025	TP1--TP3 and DP1--DP3	TP1: 1 pulse, shared donor
TP1	DEN_EAS_TP1_MA2025fix	shared donor	1	22	-50167.44	-49638.025	TP1--TP3 and DP1--DP3	TP1: 1 pulse, shared donor
TP1	DEN_EAS_TP1_MA2025fix	shared donor	1	23	-50167.324	-49638.025	TP1--TP3 and DP1--DP3	TP1: 1 pulse, shared donor
TP1	DEN_EAS_TP1_MA2025fix	shared donor	1	24	-50167.333	-49638.025	TP1--TP3 and DP1--DP3	TP1: 1 pulse, shared donor
TP1	DEN_EAS_TP1_MA2025fix	shared donor	1	25	-50167.58	-49638.025	TP1--TP3 and DP1--DP3	TP1: 1 pulse, shared donor
TP1	DEN_EAS_TP1_MA2025fix	shared donor	1	26	-50167.627	-49638.025	TP1--TP3 and DP1--DP3	TP1: 1 pulse, shared donor
TP1	DEN_EAS_TP1_MA2025fix	shared donor	1	27	-50167.385	-49638.025	TP1--TP3 and DP1--DP3	TP1: 1 pulse, shared donor
TP1	DEN_EAS_TP1_MA2025fix	shared donor	1	28	-50167.443	-49638.025	TP1--TP3 and DP1--DP3	TP1: 1 pulse, shared donor
TP1	DEN_EAS_TP1_MA2025fix	shared donor	1	29	-50167.349	-49638.025	TP1--TP3 and DP1--DP3	TP1: 1 pulse, shared donor
TP1	DEN_EAS_TP1_MA2025fix	shared donor	1	30	-50167.209	-49638.025	TP1--TP3 and DP1--DP3	TP1: 1 pulse, shared donor
TP1	DEN_EAS_TP1_MA2025fix	shared donor	1	31	-50167.272	-49638.025	TP1--TP3 and DP1--DP3	TP1: 1 pulse, shared donor
TP1	DEN_EAS_TP1_MA2025fix	shared donor	1	32	-50167.203	-49638.025	TP1--TP3 and DP1--DP3	TP1: 1 pulse, shared donor
TP1	DEN_EAS_TP1_MA2025fix	shared donor	1	33	-50167.111	-49638.025	TP1--TP3 and DP1--DP3	TP1: 1 pulse, shared donor
TP1	DEN_EAS_TP1_MA2025fix	shared donor	1	34	-50167.154	-49638.025	TP1--TP3 and DP1--DP3	TP1: 1 pulse, shared donor
TP1	DEN_EAS_TP1_MA2025fix	shared donor	1	35	-50167.253	-49638.025	TP1--TP3 and DP1--DP3	TP1: 1 pulse, shared donor
TP1	DEN_EAS_TP1_MA2025fix	shared donor	1	36	-50167.235	-49638.025	TP1--TP3 and DP1--DP3	TP1: 1 pulse, shared donor
TP1	DEN_EAS_TP1_MA2025fix	shared donor	1	37	-50167.145	-49638.025	TP1--TP3 and DP1--DP3	TP1: 1 pulse, shared donor
TP1	DEN_EAS_TP1_MA2025fix	shared donor	1	38	-50167.026	-49638.025	TP1--TP3 and DP1--DP3	TP1: 1 pulse, shared donor
TP1	DEN_EAS_TP1_MA2025fix	shared donor	1	39	-50166.979	-49638.025	TP1--TP3 and DP1--DP3	TP1: 1 pulse, shared donor
TP1	DEN_EAS_TP1_MA2025fix	shared donor	1	40	-50167.065	-49638.025	TP1--TP3 and DP1--DP3	TP1: 1 pulse, shared donor
TP1	DEN_EAS_TP1_MA2025fix	shared donor	1	41	-50167.213	-49638.025	TP1--TP3 and DP1--DP3	TP1: 1 pulse, shared donor
TP1	DEN_EAS_TP1_MA2025fix	shared donor	1	42	-50167.474	-49638.025	TP1--TP3 and DP1--DP3	TP1: 1 pulse, shared donor
TP1	DEN_EAS_TP1_MA2025fix	shared donor	1	43	-50167.743	-49638.025	TP1--TP3 and DP1--DP3	TP1: 1 pulse, shared donor
TP1	DEN_EAS_TP1_MA2025fix	shared donor	1	44	-50167.866	-49638.025	TP1--TP3 and DP1--DP3	TP1: 1 pulse, shared donor
TP1	DEN_EAS_TP1_MA2025fix	shared donor	1	45	-50168.071	-49638.025	TP1--TP3 and DP1--DP3	TP1: 1 pulse, shared donor
TP1	DEN_EAS_TP1_MA2025fix	shared donor	1	46	-50167.824	-49638.025	TP1--TP3 and DP1--DP3	TP1: 1 pulse, shared donor
TP1	DEN_EAS_TP1_MA2025fix	shared donor	1	47	-50167.932	-49638.025	TP1--TP3 and DP1--DP3	TP1: 1 pulse, shared donor
TP1	DEN_EAS_TP1_MA2025fix	shared donor	1	48	-50167.96	-49638.025	TP1--TP3 and DP1--DP3	TP1: 1 pulse, shared donor
TP1	DEN_EAS_TP1_MA2025fix	shared donor	1	49	-50167.926	-49638.025	TP1--TP3 and DP1--DP3	TP1: 1 pulse, shared donor
TP1	DEN_EAS_TP1_MA2025fix	shared donor	1	50	-50168.006	-49638.025	TP1--TP3 and DP1--DP3	TP1: 1 pulse, shared donor
TP1	DEN_EAS_TP1_MA2025fix	shared donor	1	51	-50167.951	-49638.025	TP1--TP3 and DP1--DP3	TP1: 1 pulse, shared donor
TP1	DEN_EAS_TP1_MA2025fix	shared donor	1	52	-50167.585	-49638.025	TP1--TP3 and DP1--DP3	TP1: 1 pulse, shared donor
TP1	DEN_EAS_TP1_MA2025fix	shared donor	1	53	-50167.422	-49638.025	TP1--TP3 and DP1--DP3	TP1: 1 pulse, shared donor
TP1	DEN_EAS_TP1_MA2025fix	shared donor	1	54	-50167.29	-49638.025	TP1--TP3 and DP1--DP3	TP1: 1 pulse, shared donor
TP1	DEN_EAS_TP1_MA2025fix	shared donor	1	55	-50166.769	-49638.025	TP1--TP3 and DP1--DP3	TP1: 1 pulse, shared donor
TP1	DEN_EAS_TP1_MA2025fix	shared donor	1	56	-50166.59	-49638.025	TP1--TP3 and DP1--DP3	TP1: 1 pulse, shared donor
TP1	DEN_EAS_TP1_MA2025fix	shared donor	1	57	-50166.358	-49638.025	TP1--TP3 and DP1--DP3	TP1: 1 pulse, shared donor
TP1	DEN_EAS_TP1_MA2025fix	shared donor	1	58	-50166.323	-49638.025	TP1--TP3 and DP1--DP3	TP1: 1 pulse, shared donor
TP1	DEN_EAS_TP1_MA2025fix	shared donor	1	59	-50166.115	-49638.025	TP1--TP3 and DP1--DP3	TP1: 1 pulse, shared donor
TP1	DEN_EAS_TP1_MA2025fix	shared donor	1	60	-50166.243	-49638.025	TP1--TP3 and DP1--DP3	TP1: 1 pulse, shared donor
TP1	DEN_EAS_TP1_MA2025fix	shared donor	1	61	-50166.23	-49638.025	TP1--TP3 and DP1--DP3	TP1: 1 pulse, shared donor
TP1	DEN_EAS_TP1_MA2025fix	shared donor	1	62	-50166.181	-49638.025	TP1--TP3 and DP1--DP3	TP1: 1 pulse, shared donor
TP1	DEN_EAS_TP1_MA2025fix	shared donor	1	63	-50166.175	-49638.025	TP1--TP3 and DP1--DP3	TP1: 1 pulse, shared donor
TP1	DEN_EAS_TP1_MA2025fix	shared donor	1	64	-50166.414	-49638.025	TP1--TP3 and DP1--DP3	TP1: 1 pulse, shared donor
TP1	DEN_EAS_TP1_MA2025fix	shared donor	1	65	-50166.383	-49638.025	TP1--TP3 and DP1--DP3	TP1: 1 pulse, shared donor
TP1	DEN_EAS_TP1_MA2025fix	shared donor	1	66	-50166.298	-49638.025	TP1--TP3 and DP1--DP3	TP1: 1 pulse, shared donor
TP1	DEN_EAS_TP1_MA2025fix	shared donor	1	67	-50166.332	-49638.025	TP1--TP3 and DP1--DP3	TP1: 1 pulse, shared donor
TP1	DEN_EAS_TP1_MA2025fix	shared donor	1	68	-50166.306	-49638.025	TP1--TP3 and DP1--DP3	TP1: 1 pulse, shared donor
TP1	DEN_EAS_TP1_MA2025fix	shared donor	1	69	-50166.35	-49638.025	TP1--TP3 and DP1--DP3	TP1: 1 pulse, shared donor
TP1	DEN_EAS_TP1_MA2025fix	shared donor	1	70	-50166.415	-49638.025	TP1--TP3 and DP1--DP3	TP1: 1 pulse, shared donor
TP1	DEN_EAS_TP1_MA2025fix	shared donor	1	71	-50166.583	-49638.025	TP1--TP3 and DP1--DP3	TP1: 1 pulse, shared donor
TP1	DEN_EAS_TP1_MA2025fix	shared donor	1	72	-50166.306	-49638.025	TP1--TP3 and DP1--DP3	TP1: 1 pulse, shared donor
TP1	DEN_EAS_TP1_MA2025fix	shared donor	1	73	-50166.201	-49638.025	TP1--TP3 and DP1--DP3	TP1: 1 pulse, shared donor
TP1	DEN_EAS_TP1_MA2025fix	shared donor	1	74	-50166.335	-49638.025	TP1--TP3 and DP1--DP3	TP1: 1 pulse, shared donor
TP1	DEN_EAS_TP1_MA2025fix	shared donor	1	75	-50166.274	-49638.025	TP1--TP3 and DP1--DP3	TP1: 1 pulse, shared donor
TP1	DEN_EAS_TP1_MA2025fix	shared donor	1	76	-50166.396	-49638.025	TP1--TP3 and DP1--DP3	TP1: 1 pulse, shared donor
TP1	DEN_EAS_TP1_MA2025fix	shared donor	1	77	-50166.556	-49638.025	TP1--TP3 and DP1--DP3	TP1: 1 pulse, shared donor
TP1	DEN_EAS_TP1_MA2025fix	shared donor	1	78	-50166.767	-49638.025	TP1--TP3 and DP1--DP3	TP1: 1 pulse, shared donor
TP1	DEN_EAS_TP1_MA2025fix	shared donor	1	79	-50167.012	-49638.025	TP1--TP3 and DP1--DP3	TP1: 1 pulse, shared donor
TP1	DEN_EAS_TP1_MA2025fix	shared donor	1	80	-50167.156	-49638.025	TP1--TP3 and DP1--DP3	TP1: 1 pulse, shared donor
TP1	DEN_EAS_TP1_MA2025fix	shared donor	1	81	-50167.17	-49638.025	TP1--TP3 and DP1--DP3	TP1: 1 pulse, shared donor
TP1	DEN_EAS_TP1_MA2025fix	shared donor	1	82	-50167.146	-49638.025	TP1--TP3 and DP1--DP3	TP1: 1 pulse, shared donor
TP1	DEN_EAS_TP1_MA2025fix	shared donor	1	83	-50167.014	-49638.025	TP1--TP3 and DP1--DP3	TP1: 1 pulse, shared donor
TP1	DEN_EAS_TP1_MA2025fix	shared donor	1	84	-50167.115	-49638.025	TP1--TP3 and DP1--DP3	TP1: 1 pulse, shared donor
TP1	DEN_EAS_TP1_MA2025fix	shared donor	1	85	-50167.231	-49638.025	TP1--TP3 and DP1--DP3	TP1: 1 pulse, shared donor
TP1	DEN_EAS_TP1_MA2025fix	shared donor	1	86	-50167.24	-49638.025	TP1--TP3 and DP1--DP3	TP1: 1 pulse, shared donor
TP1	DEN_EAS_TP1_MA2025fix	shared donor	1	87	-50167.211	-49638.025	TP1--TP3 and DP1--DP3	TP1: 1 pulse, shared donor
TP1	DEN_EAS_TP1_MA2025fix	shared donor	1	88	-50167.161	-49638.025	TP1--TP3 and DP1--DP3	TP1: 1 pulse, shared donor
TP1	DEN_EAS_TP1_MA2025fix	shared donor	1	89	-50167.162	-49638.025	TP1--TP3 and DP1--DP3	TP1: 1 pulse, shared donor
TP1	DEN_EAS_TP1_MA2025fix	shared donor	1	90	-50167.002	-49638.025	TP1--TP3 and DP1--DP3	TP1: 1 pulse, shared donor
TP1	DEN_EAS_TP1_MA2025fix	shared donor	1	91	-50167.266	-49638.025	TP1--TP3 and DP1--DP3	TP1: 1 pulse, shared donor
TP1	DEN_EAS_TP1_MA2025fix	shared donor	1	92	-50167.339	-49638.025	TP1--TP3 and DP1--DP3	TP1: 1 pulse, shared donor
TP1	DEN_EAS_TP1_MA2025fix	shared donor	1	93	-50167.212	-49638.025	TP1--TP3 and DP1--DP3	TP1: 1 pulse, shared donor
TP1	DEN_EAS_TP1_MA2025fix	shared donor	1	94	-50167.252	-49638.025	TP1--TP3 and DP1--DP3	TP1: 1 pulse, shared donor
TP1	DEN_EAS_TP1_MA2025fix	shared donor	1	95	-50167.354	-49638.025	TP1--TP3 and DP1--DP3	TP1: 1 pulse, shared donor
TP1	DEN_EAS_TP1_MA2025fix	shared donor	1	96	-50167.592	-49638.025	TP1--TP3 and DP1--DP3	TP1: 1 pulse, shared donor
TP1	DEN_EAS_TP1_MA2025fix	shared donor	1	97	-50167.714	-49638.025	TP1--TP3 and DP1--DP3	TP1: 1 pulse, shared donor
TP1	DEN_EAS_TP1_MA2025fix	shared donor	1	98	-50167.538	-49638.025	TP1--TP3 and DP1--DP3	TP1: 1 pulse, shared donor
TP1	DEN_EAS_TP1_MA2025fix	shared donor	1	99	-50167.543	-49638.025	TP1--TP3 and DP1--DP3	TP1: 1 pulse, shared donor
TP1	DEN_EAS_TP1_MA2025fix	shared donor	1	100	-50167.511	-49638.025	TP1--TP3 and DP1--DP3	TP1: 1 pulse, shared donor
TP2	DEN_EAS_TP2_MA2025fix	shared donor	2	1	-50166.555	-49638.025	TP1--TP3 and DP1--DP3	TP2: 2 pulses, shared donor
TP2	DEN_EAS_TP2_MA2025fix	shared donor	2	2	-50166.62	-49638.025	TP1--TP3 and DP1--DP3	TP2: 2 pulses, shared donor
TP2	DEN_EAS_TP2_MA2025fix	shared donor	2	3	-50166.707	-49638.025	TP1--TP3 and DP1--DP3	TP2: 2 pulses, shared donor
TP2	DEN_EAS_TP2_MA2025fix	shared donor	2	4	-50166.72	-49638.025	TP1--TP3 and DP1--DP3	TP2: 2 pulses, shared donor
TP2	DEN_EAS_TP2_MA2025fix	shared donor	2	5	-50166.617	-49638.025	TP1--TP3 and DP1--DP3	TP2: 2 pulses, shared donor
TP2	DEN_EAS_TP2_MA2025fix	shared donor	2	6	-50166.593	-49638.025	TP1--TP3 and DP1--DP3	TP2: 2 pulses, shared donor
TP2	DEN_EAS_TP2_MA2025fix	shared donor	2	7	-50166.484	-49638.025	TP1--TP3 and DP1--DP3	TP2: 2 pulses, shared donor
TP2	DEN_EAS_TP2_MA2025fix	shared donor	2	8	-50166.287	-49638.025	TP1--TP3 and DP1--DP3	TP2: 2 pulses, shared donor
TP2	DEN_EAS_TP2_MA2025fix	shared donor	2	9	-50166.366	-49638.025	TP1--TP3 and DP1--DP3	TP2: 2 pulses, shared donor
TP2	DEN_EAS_TP2_MA2025fix	shared donor	2	10	-50166.515	-49638.025	TP1--TP3 and DP1--DP3	TP2: 2 pulses, shared donor
TP2	DEN_EAS_TP2_MA2025fix	shared donor	2	11	-50166.594	-49638.025	TP1--TP3 and DP1--DP3	TP2: 2 pulses, shared donor
TP2	DEN_EAS_TP2_MA2025fix	shared donor	2	12	-50166.235	-49638.025	TP1--TP3 and DP1--DP3	TP2: 2 pulses, shared donor
TP2	DEN_EAS_TP2_MA2025fix	shared donor	2	13	-50166.314	-49638.025	TP1--TP3 and DP1--DP3	TP2: 2 pulses, shared donor
TP2	DEN_EAS_TP2_MA2025fix	shared donor	2	14	-50166.356	-49638.025	TP1--TP3 and DP1--DP3	TP2: 2 pulses, shared donor
TP2	DEN_EAS_TP2_MA2025fix	shared donor	2	15	-50166.283	-49638.025	TP1--TP3 and DP1--DP3	TP2: 2 pulses, shared donor
TP2	DEN_EAS_TP2_MA2025fix	shared donor	2	16	-50166.295	-49638.025	TP1--TP3 and DP1--DP3	TP2: 2 pulses, shared donor
TP2	DEN_EAS_TP2_MA2025fix	shared donor	2	17	-50166.584	-49638.025	TP1--TP3 and DP1--DP3	TP2: 2 pulses, shared donor
TP2	DEN_EAS_TP2_MA2025fix	shared donor	2	18	-50166.685	-49638.025	TP1--TP3 and DP1--DP3	TP2: 2 pulses, shared donor
TP2	DEN_EAS_TP2_MA2025fix	shared donor	2	19	-50166.805	-49638.025	TP1--TP3 and DP1--DP3	TP2: 2 pulses, shared donor
TP2	DEN_EAS_TP2_MA2025fix	shared donor	2	20	-50166.805	-49638.025	TP1--TP3 and DP1--DP3	TP2: 2 pulses, shared donor
TP2	DEN_EAS_TP2_MA2025fix	shared donor	2	21	-50166.678	-49638.025	TP1--TP3 and DP1--DP3	TP2: 2 pulses, shared donor
TP2	DEN_EAS_TP2_MA2025fix	shared donor	2	22	-50166.644	-49638.025	TP1--TP3 and DP1--DP3	TP2: 2 pulses, shared donor
TP2	DEN_EAS_TP2_MA2025fix	shared donor	2	23	-50166.186	-49638.025	TP1--TP3 and DP1--DP3	TP2: 2 pulses, shared donor
TP2	DEN_EAS_TP2_MA2025fix	shared donor	2	24	-50166.066	-49638.025	TP1--TP3 and DP1--DP3	TP2: 2 pulses, shared donor
TP2	DEN_EAS_TP2_MA2025fix	shared donor	2	25	-50166.372	-49638.025	TP1--TP3 and DP1--DP3	TP2: 2 pulses, shared donor
TP2	DEN_EAS_TP2_MA2025fix	shared donor	2	26	-50166.502	-49638.025	TP1--TP3 and DP1--DP3	TP2: 2 pulses, shared donor
TP2	DEN_EAS_TP2_MA2025fix	shared donor	2	27	-50166.552	-49638.025	TP1--TP3 and DP1--DP3	TP2: 2 pulses, shared donor
TP2	DEN_EAS_TP2_MA2025fix	shared donor	2	28	-50166.737	-49638.025	TP1--TP3 and DP1--DP3	TP2: 2 pulses, shared donor
TP2	DEN_EAS_TP2_MA2025fix	shared donor	2	29	-50166.845	-49638.025	TP1--TP3 and DP1--DP3	TP2: 2 pulses, shared donor
TP2	DEN_EAS_TP2_MA2025fix	shared donor	2	30	-50166.694	-49638.025	TP1--TP3 and DP1--DP3	TP2: 2 pulses, shared donor
TP2	DEN_EAS_TP2_MA2025fix	shared donor	2	31	-50166.852	-49638.025	TP1--TP3 and DP1--DP3	TP2: 2 pulses, shared donor
TP2	DEN_EAS_TP2_MA2025fix	shared donor	2	32	-50166.889	-49638.025	TP1--TP3 and DP1--DP3	TP2: 2 pulses, shared donor
TP2	DEN_EAS_TP2_MA2025fix	shared donor	2	33	-50167.025	-49638.025	TP1--TP3 and DP1--DP3	TP2: 2 pulses, shared donor
TP2	DEN_EAS_TP2_MA2025fix	shared donor	2	34	-50166.895	-49638.025	TP1--TP3 and DP1--DP3	TP2: 2 pulses, shared donor
TP2	DEN_EAS_TP2_MA2025fix	shared donor	2	35	-50166.666	-49638.025	TP1--TP3 and DP1--DP3	TP2: 2 pulses, shared donor
TP2	DEN_EAS_TP2_MA2025fix	shared donor	2	36	-50166.58	-49638.025	TP1--TP3 and DP1--DP3	TP2: 2 pulses, shared donor
TP2	DEN_EAS_TP2_MA2025fix	shared donor	2	37	-50166.368	-49638.025	TP1--TP3 and DP1--DP3	TP2: 2 pulses, shared donor
TP2	DEN_EAS_TP2_MA2025fix	shared donor	2	38	-50166.093	-49638.025	TP1--TP3 and DP1--DP3	TP2: 2 pulses, shared donor
TP2	DEN_EAS_TP2_MA2025fix	shared donor	2	39	-50166.264	-49638.025	TP1--TP3 and DP1--DP3	TP2: 2 pulses, shared donor
TP2	DEN_EAS_TP2_MA2025fix	shared donor	2	40	-50166.166	-49638.025	TP1--TP3 and DP1--DP3	TP2: 2 pulses, shared donor
TP2	DEN_EAS_TP2_MA2025fix	shared donor	2	41	-50166.254	-49638.025	TP1--TP3 and DP1--DP3	TP2: 2 pulses, shared donor
TP2	DEN_EAS_TP2_MA2025fix	shared donor	2	42	-50166.324	-49638.025	TP1--TP3 and DP1--DP3	TP2: 2 pulses, shared donor
TP2	DEN_EAS_TP2_MA2025fix	shared donor	2	43	-50166.293	-49638.025	TP1--TP3 and DP1--DP3	TP2: 2 pulses, shared donor
TP2	DEN_EAS_TP2_MA2025fix	shared donor	2	44	-50166.431	-49638.025	TP1--TP3 and DP1--DP3	TP2: 2 pulses, shared donor
TP2	DEN_EAS_TP2_MA2025fix	shared donor	2	45	-50166.439	-49638.025	TP1--TP3 and DP1--DP3	TP2: 2 pulses, shared donor
TP2	DEN_EAS_TP2_MA2025fix	shared donor	2	46	-50166.514	-49638.025	TP1--TP3 and DP1--DP3	TP2: 2 pulses, shared donor
TP2	DEN_EAS_TP2_MA2025fix	shared donor	2	47	-50166.341	-49638.025	TP1--TP3 and DP1--DP3	TP2: 2 pulses, shared donor
TP2	DEN_EAS_TP2_MA2025fix	shared donor	2	48	-50166.326	-49638.025	TP1--TP3 and DP1--DP3	TP2: 2 pulses, shared donor
TP2	DEN_EAS_TP2_MA2025fix	shared donor	2	49	-50166.514	-49638.025	TP1--TP3 and DP1--DP3	TP2: 2 pulses, shared donor
TP2	DEN_EAS_TP2_MA2025fix	shared donor	2	50	-50166.602	-49638.025	TP1--TP3 and DP1--DP3	TP2: 2 pulses, shared donor
TP2	DEN_EAS_TP2_MA2025fix	shared donor	2	51	-50166.52	-49638.025	TP1--TP3 and DP1--DP3	TP2: 2 pulses, shared donor
TP2	DEN_EAS_TP2_MA2025fix	shared donor	2	52	-50166.499	-49638.025	TP1--TP3 and DP1--DP3	TP2: 2 pulses, shared donor
TP2	DEN_EAS_TP2_MA2025fix	shared donor	2	53	-50166.506	-49638.025	TP1--TP3 and DP1--DP3	TP2: 2 pulses, shared donor
TP2	DEN_EAS_TP2_MA2025fix	shared donor	2	54	-50166.523	-49638.025	TP1--TP3 and DP1--DP3	TP2: 2 pulses, shared donor
TP2	DEN_EAS_TP2_MA2025fix	shared donor	2	55	-50166.245	-49638.025	TP1--TP3 and DP1--DP3	TP2: 2 pulses, shared donor
TP2	DEN_EAS_TP2_MA2025fix	shared donor	2	56	-50166.591	-49638.025	TP1--TP3 and DP1--DP3	TP2: 2 pulses, shared donor
TP2	DEN_EAS_TP2_MA2025fix	shared donor	2	57	-50166.482	-49638.025	TP1--TP3 and DP1--DP3	TP2: 2 pulses, shared donor
TP2	DEN_EAS_TP2_MA2025fix	shared donor	2	58	-50166.268	-49638.025	TP1--TP3 and DP1--DP3	TP2: 2 pulses, shared donor
TP2	DEN_EAS_TP2_MA2025fix	shared donor	2	59	-50166.535	-49638.025	TP1--TP3 and DP1--DP3	TP2: 2 pulses, shared donor
TP2	DEN_EAS_TP2_MA2025fix	shared donor	2	60	-50166.448	-49638.025	TP1--TP3 and DP1--DP3	TP2: 2 pulses, shared donor
TP2	DEN_EAS_TP2_MA2025fix	shared donor	2	61	-50166.558	-49638.025	TP1--TP3 and DP1--DP3	TP2: 2 pulses, shared donor
TP2	DEN_EAS_TP2_MA2025fix	shared donor	2	62	-50166.601	-49638.025	TP1--TP3 and DP1--DP3	TP2: 2 pulses, shared donor
TP2	DEN_EAS_TP2_MA2025fix	shared donor	2	63	-50166.535	-49638.025	TP1--TP3 and DP1--DP3	TP2: 2 pulses, shared donor
TP2	DEN_EAS_TP2_MA2025fix	shared donor	2	64	-50166.552	-49638.025	TP1--TP3 and DP1--DP3	TP2: 2 pulses, shared donor
TP2	DEN_EAS_TP2_MA2025fix	shared donor	2	65	-50166.454	-49638.025	TP1--TP3 and DP1--DP3	TP2: 2 pulses, shared donor
TP2	DEN_EAS_TP2_MA2025fix	shared donor	2	66	-50166.799	-49638.025	TP1--TP3 and DP1--DP3	TP2: 2 pulses, shared donor
TP2	DEN_EAS_TP2_MA2025fix	shared donor	2	67	-50166.884	-49638.025	TP1--TP3 and DP1--DP3	TP2: 2 pulses, shared donor
TP2	DEN_EAS_TP2_MA2025fix	shared donor	2	68	-50166.815	-49638.025	TP1--TP3 and DP1--DP3	TP2: 2 pulses, shared donor
TP2	DEN_EAS_TP2_MA2025fix	shared donor	2	69	-50166.527	-49638.025	TP1--TP3 and DP1--DP3	TP2: 2 pulses, shared donor
TP2	DEN_EAS_TP2_MA2025fix	shared donor	2	70	-50166.627	-49638.025	TP1--TP3 and DP1--DP3	TP2: 2 pulses, shared donor
TP2	DEN_EAS_TP2_MA2025fix	shared donor	2	71	-50166.667	-49638.025	TP1--TP3 and DP1--DP3	TP2: 2 pulses, shared donor
TP2	DEN_EAS_TP2_MA2025fix	shared donor	2	72	-50166.586	-49638.025	TP1--TP3 and DP1--DP3	TP2: 2 pulses, shared donor
TP2	DEN_EAS_TP2_MA2025fix	shared donor	2	73	-50166.599	-49638.025	TP1--TP3 and DP1--DP3	TP2: 2 pulses, shared donor
TP2	DEN_EAS_TP2_MA2025fix	shared donor	2	74	-50166.451	-49638.025	TP1--TP3 and DP1--DP3	TP2: 2 pulses, shared donor
TP2	DEN_EAS_TP2_MA2025fix	shared donor	2	75	-50166.493	-49638.025	TP1--TP3 and DP1--DP3	TP2: 2 pulses, shared donor
TP2	DEN_EAS_TP2_MA2025fix	shared donor	2	76	-50166.613	-49638.025	TP1--TP3 and DP1--DP3	TP2: 2 pulses, shared donor
TP2	DEN_EAS_TP2_MA2025fix	shared donor	2	77	-50166.744	-49638.025	TP1--TP3 and DP1--DP3	TP2: 2 pulses, shared donor
TP2	DEN_EAS_TP2_MA2025fix	shared donor	2	78	-50166.672	-49638.025	TP1--TP3 and DP1--DP3	TP2: 2 pulses, shared donor
TP2	DEN_EAS_TP2_MA2025fix	shared donor	2	79	-50166.821	-49638.025	TP1--TP3 and DP1--DP3	TP2: 2 pulses, shared donor
TP2	DEN_EAS_TP2_MA2025fix	shared donor	2	80	-50166.702	-49638.025	TP1--TP3 and DP1--DP3	TP2: 2 pulses, shared donor
TP2	DEN_EAS_TP2_MA2025fix	shared donor	2	81	-50166.755	-49638.025	TP1--TP3 and DP1--DP3	TP2: 2 pulses, shared donor
TP2	DEN_EAS_TP2_MA2025fix	shared donor	2	82	-50166.755	-49638.025	TP1--TP3 and DP1--DP3	TP2: 2 pulses, shared donor
TP2	DEN_EAS_TP2_MA2025fix	shared donor	2	83	-50166.839	-49638.025	TP1--TP3 and DP1--DP3	TP2: 2 pulses, shared donor
TP2	DEN_EAS_TP2_MA2025fix	shared donor	2	84	-50166.605	-49638.025	TP1--TP3 and DP1--DP3	TP2: 2 pulses, shared donor
TP2	DEN_EAS_TP2_MA2025fix	shared donor	2	85	-50166.643	-49638.025	TP1--TP3 and DP1--DP3	TP2: 2 pulses, shared donor
TP2	DEN_EAS_TP2_MA2025fix	shared donor	2	86	-50166.753	-49638.025	TP1--TP3 and DP1--DP3	TP2: 2 pulses, shared donor
TP2	DEN_EAS_TP2_MA2025fix	shared donor	2	87	-50166.675	-49638.025	TP1--TP3 and DP1--DP3	TP2: 2 pulses, shared donor
TP2	DEN_EAS_TP2_MA2025fix	shared donor	2	88	-50166.657	-49638.025	TP1--TP3 and DP1--DP3	TP2: 2 pulses, shared donor
TP2	DEN_EAS_TP2_MA2025fix	shared donor	2	89	-50166.799	-49638.025	TP1--TP3 and DP1--DP3	TP2: 2 pulses, shared donor
TP2	DEN_EAS_TP2_MA2025fix	shared donor	2	90	-50167.013	-49638.025	TP1--TP3 and DP1--DP3	TP2: 2 pulses, shared donor
TP2	DEN_EAS_TP2_MA2025fix	shared donor	2	91	-50166.595	-49638.025	TP1--TP3 and DP1--DP3	TP2: 2 pulses, shared donor
TP2	DEN_EAS_TP2_MA2025fix	shared donor	2	92	-50166.495	-49638.025	TP1--TP3 and DP1--DP3	TP2: 2 pulses, shared donor
TP2	DEN_EAS_TP2_MA2025fix	shared donor	2	93	-50166.529	-49638.025	TP1--TP3 and DP1--DP3	TP2: 2 pulses, shared donor
TP2	DEN_EAS_TP2_MA2025fix	shared donor	2	94	-50166.529	-49638.025	TP1--TP3 and DP1--DP3	TP2: 2 pulses, shared donor
TP2	DEN_EAS_TP2_MA2025fix	shared donor	2	95	-50166.322	-49638.025	TP1--TP3 and DP1--DP3	TP2: 2 pulses, shared donor
TP2	DEN_EAS_TP2_MA2025fix	shared donor	2	96	-50166.557	-49638.025	TP1--TP3 and DP1--DP3	TP2: 2 pulses, shared donor
TP2	DEN_EAS_TP2_MA2025fix	shared donor	2	97	-50166.475	-49638.025	TP1--TP3 and DP1--DP3	TP2: 2 pulses, shared donor
TP2	DEN_EAS_TP2_MA2025fix	shared donor	2	98	-50166.575	-49638.025	TP1--TP3 and DP1--DP3	TP2: 2 pulses, shared donor
TP2	DEN_EAS_TP2_MA2025fix	shared donor	2	99	-50166.678	-49638.025	TP1--TP3 and DP1--DP3	TP2: 2 pulses, shared donor
TP2	DEN_EAS_TP2_MA2025fix	shared donor	2	100	-50166.675	-49638.025	TP1--TP3 and DP1--DP3	TP2: 2 pulses, shared donor
TP3	DEN_EAS_TP3_MA2025fix	shared donor	3	1	-50166.662	-49638.025	TP1--TP3 and DP1--DP3	TP3: 3 pulses, shared donor
TP3	DEN_EAS_TP3_MA2025fix	shared donor	3	2	-50166.854	-49638.025	TP1--TP3 and DP1--DP3	TP3: 3 pulses, shared donor
TP3	DEN_EAS_TP3_MA2025fix	shared donor	3	3	-50166.879	-49638.025	TP1--TP3 and DP1--DP3	TP3: 3 pulses, shared donor
TP3	DEN_EAS_TP3_MA2025fix	shared donor	3	4	-50167.077	-49638.025	TP1--TP3 and DP1--DP3	TP3: 3 pulses, shared donor
TP3	DEN_EAS_TP3_MA2025fix	shared donor	3	5	-50167.037	-49638.025	TP1--TP3 and DP1--DP3	TP3: 3 pulses, shared donor
TP3	DEN_EAS_TP3_MA2025fix	shared donor	3	6	-50166.876	-49638.025	TP1--TP3 and DP1--DP3	TP3: 3 pulses, shared donor
TP3	DEN_EAS_TP3_MA2025fix	shared donor	3	7	-50166.776	-49638.025	TP1--TP3 and DP1--DP3	TP3: 3 pulses, shared donor
TP3	DEN_EAS_TP3_MA2025fix	shared donor	3	8	-50167.001	-49638.025	TP1--TP3 and DP1--DP3	TP3: 3 pulses, shared donor
TP3	DEN_EAS_TP3_MA2025fix	shared donor	3	9	-50167.184	-49638.025	TP1--TP3 and DP1--DP3	TP3: 3 pulses, shared donor
TP3	DEN_EAS_TP3_MA2025fix	shared donor	3	10	-50167.285	-49638.025	TP1--TP3 and DP1--DP3	TP3: 3 pulses, shared donor
TP3	DEN_EAS_TP3_MA2025fix	shared donor	3	11	-50167.378	-49638.025	TP1--TP3 and DP1--DP3	TP3: 3 pulses, shared donor
TP3	DEN_EAS_TP3_MA2025fix	shared donor	3	12	-50167.535	-49638.025	TP1--TP3 and DP1--DP3	TP3: 3 pulses, shared donor
TP3	DEN_EAS_TP3_MA2025fix	shared donor	3	13	-50167.553	-49638.025	TP1--TP3 and DP1--DP3	TP3: 3 pulses, shared donor
TP3	DEN_EAS_TP3_MA2025fix	shared donor	3	14	-50167.554	-49638.025	TP1--TP3 and DP1--DP3	TP3: 3 pulses, shared donor
TP3	DEN_EAS_TP3_MA2025fix	shared donor	3	15	-50167.499	-49638.025	TP1--TP3 and DP1--DP3	TP3: 3 pulses, shared donor
TP3	DEN_EAS_TP3_MA2025fix	shared donor	3	16	-50167.321	-49638.025	TP1--TP3 and DP1--DP3	TP3: 3 pulses, shared donor
TP3	DEN_EAS_TP3_MA2025fix	shared donor	3	17	-50167.22	-49638.025	TP1--TP3 and DP1--DP3	TP3: 3 pulses, shared donor
TP3	DEN_EAS_TP3_MA2025fix	shared donor	3	18	-50167.304	-49638.025	TP1--TP3 and DP1--DP3	TP3: 3 pulses, shared donor
TP3	DEN_EAS_TP3_MA2025fix	shared donor	3	19	-50167.366	-49638.025	TP1--TP3 and DP1--DP3	TP3: 3 pulses, shared donor
TP3	DEN_EAS_TP3_MA2025fix	shared donor	3	20	-50167.253	-49638.025	TP1--TP3 and DP1--DP3	TP3: 3 pulses, shared donor
TP3	DEN_EAS_TP3_MA2025fix	shared donor	3	21	-50167.032	-49638.025	TP1--TP3 and DP1--DP3	TP3: 3 pulses, shared donor
TP3	DEN_EAS_TP3_MA2025fix	shared donor	3	22	-50167.014	-49638.025	TP1--TP3 and DP1--DP3	TP3: 3 pulses, shared donor
TP3	DEN_EAS_TP3_MA2025fix	shared donor	3	23	-50166.962	-49638.025	TP1--TP3 and DP1--DP3	TP3: 3 pulses, shared donor
TP3	DEN_EAS_TP3_MA2025fix	shared donor	3	24	-50166.902	-49638.025	TP1--TP3 and DP1--DP3	TP3: 3 pulses, shared donor
TP3	DEN_EAS_TP3_MA2025fix	shared donor	3	25	-50167.119	-49638.025	TP1--TP3 and DP1--DP3	TP3: 3 pulses, shared donor
TP3	DEN_EAS_TP3_MA2025fix	shared donor	3	26	-50167.247	-49638.025	TP1--TP3 and DP1--DP3	TP3: 3 pulses, shared donor
TP3	DEN_EAS_TP3_MA2025fix	shared donor	3	27	-50167.269	-49638.025	TP1--TP3 and DP1--DP3	TP3: 3 pulses, shared donor
TP3	DEN_EAS_TP3_MA2025fix	shared donor	3	28	-50167.418	-49638.025	TP1--TP3 and DP1--DP3	TP3: 3 pulses, shared donor
TP3	DEN_EAS_TP3_MA2025fix	shared donor	3	29	-50167.469	-49638.025	TP1--TP3 and DP1--DP3	TP3: 3 pulses, shared donor
TP3	DEN_EAS_TP3_MA2025fix	shared donor	3	30	-50167.454	-49638.025	TP1--TP3 and DP1--DP3	TP3: 3 pulses, shared donor
TP3	DEN_EAS_TP3_MA2025fix	shared donor	3	31	-50167.387	-49638.025	TP1--TP3 and DP1--DP3	TP3: 3 pulses, shared donor
TP3	DEN_EAS_TP3_MA2025fix	shared donor	3	32	-50167.453	-49638.025	TP1--TP3 and DP1--DP3	TP3: 3 pulses, shared donor
TP3	DEN_EAS_TP3_MA2025fix	shared donor	3	33	-50167.387	-49638.025	TP1--TP3 and DP1--DP3	TP3: 3 pulses, shared donor
TP3	DEN_EAS_TP3_MA2025fix	shared donor	3	34	-50167.248	-49638.025	TP1--TP3 and DP1--DP3	TP3: 3 pulses, shared donor
TP3	DEN_EAS_TP3_MA2025fix	shared donor	3	35	-50167.091	-49638.025	TP1--TP3 and DP1--DP3	TP3: 3 pulses, shared donor
TP3	DEN_EAS_TP3_MA2025fix	shared donor	3	36	-50167.056	-49638.025	TP1--TP3 and DP1--DP3	TP3: 3 pulses, shared donor
TP3	DEN_EAS_TP3_MA2025fix	shared donor	3	37	-50166.925	-49638.025	TP1--TP3 and DP1--DP3	TP3: 3 pulses, shared donor
TP3	DEN_EAS_TP3_MA2025fix	shared donor	3	38	-50166.92	-49638.025	TP1--TP3 and DP1--DP3	TP3: 3 pulses, shared donor
TP3	DEN_EAS_TP3_MA2025fix	shared donor	3	39	-50166.707	-49638.025	TP1--TP3 and DP1--DP3	TP3: 3 pulses, shared donor
TP3	DEN_EAS_TP3_MA2025fix	shared donor	3	40	-50166.527	-49638.025	TP1--TP3 and DP1--DP3	TP3: 3 pulses, shared donor
TP3	DEN_EAS_TP3_MA2025fix	shared donor	3	41	-50166.76	-49638.025	TP1--TP3 and DP1--DP3	TP3: 3 pulses, shared donor
TP3	DEN_EAS_TP3_MA2025fix	shared donor	3	42	-50166.498	-49638.025	TP1--TP3 and DP1--DP3	TP3: 3 pulses, shared donor
TP3	DEN_EAS_TP3_MA2025fix	shared donor	3	43	-50166.766	-49638.025	TP1--TP3 and DP1--DP3	TP3: 3 pulses, shared donor
TP3	DEN_EAS_TP3_MA2025fix	shared donor	3	44	-50167.084	-49638.025	TP1--TP3 and DP1--DP3	TP3: 3 pulses, shared donor
TP3	DEN_EAS_TP3_MA2025fix	shared donor	3	45	-50166.685	-49638.025	TP1--TP3 and DP1--DP3	TP3: 3 pulses, shared donor
TP3	DEN_EAS_TP3_MA2025fix	shared donor	3	46	-50166.81	-49638.025	TP1--TP3 and DP1--DP3	TP3: 3 pulses, shared donor
TP3	DEN_EAS_TP3_MA2025fix	shared donor	3	47	-50166.824	-49638.025	TP1--TP3 and DP1--DP3	TP3: 3 pulses, shared donor
TP3	DEN_EAS_TP3_MA2025fix	shared donor	3	48	-50166.847	-49638.025	TP1--TP3 and DP1--DP3	TP3: 3 pulses, shared donor
TP3	DEN_EAS_TP3_MA2025fix	shared donor	3	49	-50166.849	-49638.025	TP1--TP3 and DP1--DP3	TP3: 3 pulses, shared donor
TP3	DEN_EAS_TP3_MA2025fix	shared donor	3	50	-50166.945	-49638.025	TP1--TP3 and DP1--DP3	TP3: 3 pulses, shared donor
TP3	DEN_EAS_TP3_MA2025fix	shared donor	3	51	-50166.805	-49638.025	TP1--TP3 and DP1--DP3	TP3: 3 pulses, shared donor
TP3	DEN_EAS_TP3_MA2025fix	shared donor	3	52	-50166.93	-49638.025	TP1--TP3 and DP1--DP3	TP3: 3 pulses, shared donor
TP3	DEN_EAS_TP3_MA2025fix	shared donor	3	53	-50167.002	-49638.025	TP1--TP3 and DP1--DP3	TP3: 3 pulses, shared donor
TP3	DEN_EAS_TP3_MA2025fix	shared donor	3	54	-50167.014	-49638.025	TP1--TP3 and DP1--DP3	TP3: 3 pulses, shared donor
TP3	DEN_EAS_TP3_MA2025fix	shared donor	3	55	-50167.189	-49638.025	TP1--TP3 and DP1--DP3	TP3: 3 pulses, shared donor
TP3	DEN_EAS_TP3_MA2025fix	shared donor	3	56	-50167.003	-49638.025	TP1--TP3 and DP1--DP3	TP3: 3 pulses, shared donor
TP3	DEN_EAS_TP3_MA2025fix	shared donor	3	57	-50167.207	-49638.025	TP1--TP3 and DP1--DP3	TP3: 3 pulses, shared donor
TP3	DEN_EAS_TP3_MA2025fix	shared donor	3	58	-50167.238	-49638.025	TP1--TP3 and DP1--DP3	TP3: 3 pulses, shared donor
TP3	DEN_EAS_TP3_MA2025fix	shared donor	3	59	-50167.188	-49638.025	TP1--TP3 and DP1--DP3	TP3: 3 pulses, shared donor
TP3	DEN_EAS_TP3_MA2025fix	shared donor	3	60	-50167.165	-49638.025	TP1--TP3 and DP1--DP3	TP3: 3 pulses, shared donor
TP3	DEN_EAS_TP3_MA2025fix	shared donor	3	61	-50167.079	-49638.025	TP1--TP3 and DP1--DP3	TP3: 3 pulses, shared donor
TP3	DEN_EAS_TP3_MA2025fix	shared donor	3	62	-50166.98	-49638.025	TP1--TP3 and DP1--DP3	TP3: 3 pulses, shared donor
TP3	DEN_EAS_TP3_MA2025fix	shared donor	3	63	-50166.697	-49638.025	TP1--TP3 and DP1--DP3	TP3: 3 pulses, shared donor
TP3	DEN_EAS_TP3_MA2025fix	shared donor	3	64	-50166.65	-49638.025	TP1--TP3 and DP1--DP3	TP3: 3 pulses, shared donor
TP3	DEN_EAS_TP3_MA2025fix	shared donor	3	65	-50166.909	-49638.025	TP1--TP3 and DP1--DP3	TP3: 3 pulses, shared donor
TP3	DEN_EAS_TP3_MA2025fix	shared donor	3	66	-50166.857	-49638.025	TP1--TP3 and DP1--DP3	TP3: 3 pulses, shared donor
TP3	DEN_EAS_TP3_MA2025fix	shared donor	3	67	-50166.945	-49638.025	TP1--TP3 and DP1--DP3	TP3: 3 pulses, shared donor
TP3	DEN_EAS_TP3_MA2025fix	shared donor	3	68	-50167.051	-49638.025	TP1--TP3 and DP1--DP3	TP3: 3 pulses, shared donor
TP3	DEN_EAS_TP3_MA2025fix	shared donor	3	69	-50166.756	-49638.025	TP1--TP3 and DP1--DP3	TP3: 3 pulses, shared donor
TP3	DEN_EAS_TP3_MA2025fix	shared donor	3	70	-50166.585	-49638.025	TP1--TP3 and DP1--DP3	TP3: 3 pulses, shared donor
TP3	DEN_EAS_TP3_MA2025fix	shared donor	3	71	-50166.34	-49638.025	TP1--TP3 and DP1--DP3	TP3: 3 pulses, shared donor
TP3	DEN_EAS_TP3_MA2025fix	shared donor	3	72	-50166.528	-49638.025	TP1--TP3 and DP1--DP3	TP3: 3 pulses, shared donor
TP3	DEN_EAS_TP3_MA2025fix	shared donor	3	73	-50166.901	-49638.025	TP1--TP3 and DP1--DP3	TP3: 3 pulses, shared donor
TP3	DEN_EAS_TP3_MA2025fix	shared donor	3	74	-50166.895	-49638.025	TP1--TP3 and DP1--DP3	TP3: 3 pulses, shared donor
TP3	DEN_EAS_TP3_MA2025fix	shared donor	3	75	-50166.818	-49638.025	TP1--TP3 and DP1--DP3	TP3: 3 pulses, shared donor
TP3	DEN_EAS_TP3_MA2025fix	shared donor	3	76	-50166.801	-49638.025	TP1--TP3 and DP1--DP3	TP3: 3 pulses, shared donor
TP3	DEN_EAS_TP3_MA2025fix	shared donor	3	77	-50166.926	-49638.025	TP1--TP3 and DP1--DP3	TP3: 3 pulses, shared donor
TP3	DEN_EAS_TP3_MA2025fix	shared donor	3	78	-50166.996	-49638.025	TP1--TP3 and DP1--DP3	TP3: 3 pulses, shared donor
TP3	DEN_EAS_TP3_MA2025fix	shared donor	3	79	-50166.895	-49638.025	TP1--TP3 and DP1--DP3	TP3: 3 pulses, shared donor
TP3	DEN_EAS_TP3_MA2025fix	shared donor	3	80	-50166.851	-49638.025	TP1--TP3 and DP1--DP3	TP3: 3 pulses, shared donor
TP3	DEN_EAS_TP3_MA2025fix	shared donor	3	81	-50166.644	-49638.025	TP1--TP3 and DP1--DP3	TP3: 3 pulses, shared donor
TP3	DEN_EAS_TP3_MA2025fix	shared donor	3	82	-50166.55	-49638.025	TP1--TP3 and DP1--DP3	TP3: 3 pulses, shared donor
TP3	DEN_EAS_TP3_MA2025fix	shared donor	3	83	-50166.773	-49638.025	TP1--TP3 and DP1--DP3	TP3: 3 pulses, shared donor
TP3	DEN_EAS_TP3_MA2025fix	shared donor	3	84	-50166.831	-49638.025	TP1--TP3 and DP1--DP3	TP3: 3 pulses, shared donor
TP3	DEN_EAS_TP3_MA2025fix	shared donor	3	85	-50166.793	-49638.025	TP1--TP3 and DP1--DP3	TP3: 3 pulses, shared donor
TP3	DEN_EAS_TP3_MA2025fix	shared donor	3	86	-50167.075	-49638.025	TP1--TP3 and DP1--DP3	TP3: 3 pulses, shared donor
TP3	DEN_EAS_TP3_MA2025fix	shared donor	3	87	-50167.192	-49638.025	TP1--TP3 and DP1--DP3	TP3: 3 pulses, shared donor
TP3	DEN_EAS_TP3_MA2025fix	shared donor	3	88	-50167.034	-49638.025	TP1--TP3 and DP1--DP3	TP3: 3 pulses, shared donor
TP3	DEN_EAS_TP3_MA2025fix	shared donor	3	89	-50167.117	-49638.025	TP1--TP3 and DP1--DP3	TP3: 3 pulses, shared donor
TP3	DEN_EAS_TP3_MA2025fix	shared donor	3	90	-50166.884	-49638.025	TP1--TP3 and DP1--DP3	TP3: 3 pulses, shared donor
TP3	DEN_EAS_TP3_MA2025fix	shared donor	3	91	-50166.869	-49638.025	TP1--TP3 and DP1--DP3	TP3: 3 pulses, shared donor
TP3	DEN_EAS_TP3_MA2025fix	shared donor	3	92	-50166.949	-49638.025	TP1--TP3 and DP1--DP3	TP3: 3 pulses, shared donor
TP3	DEN_EAS_TP3_MA2025fix	shared donor	3	93	-50167.022	-49638.025	TP1--TP3 and DP1--DP3	TP3: 3 pulses, shared donor
TP3	DEN_EAS_TP3_MA2025fix	shared donor	3	94	-50167.196	-49638.025	TP1--TP3 and DP1--DP3	TP3: 3 pulses, shared donor
TP3	DEN_EAS_TP3_MA2025fix	shared donor	3	95	-50167.109	-49638.025	TP1--TP3 and DP1--DP3	TP3: 3 pulses, shared donor
TP3	DEN_EAS_TP3_MA2025fix	shared donor	3	96	-50167.036	-49638.025	TP1--TP3 and DP1--DP3	TP3: 3 pulses, shared donor
TP3	DEN_EAS_TP3_MA2025fix	shared donor	3	97	-50166.885	-49638.025	TP1--TP3 and DP1--DP3	TP3: 3 pulses, shared donor
TP3	DEN_EAS_TP3_MA2025fix	shared donor	3	98	-50166.709	-49638.025	TP1--TP3 and DP1--DP3	TP3: 3 pulses, shared donor
TP3	DEN_EAS_TP3_MA2025fix	shared donor	3	99	-50166.636	-49638.025	TP1--TP3 and DP1--DP3	TP3: 3 pulses, shared donor
TP3	DEN_EAS_TP3_MA2025fix	shared donor	3	100	-50166.563	-49638.025	TP1--TP3 and DP1--DP3	TP3: 3 pulses, shared donor
TP4	DEN_EAS_TP4_MA2025fix	shared donor	4	1	-50166.895	-49638.025	TP4 and DP4	TP4: 4 pulses, shared donor
TP4	DEN_EAS_TP4_MA2025fix	shared donor	4	2	-50166.928	-49638.025	TP4 and DP4	TP4: 4 pulses, shared donor
TP4	DEN_EAS_TP4_MA2025fix	shared donor	4	3	-50166.76	-49638.025	TP4 and DP4	TP4: 4 pulses, shared donor
TP4	DEN_EAS_TP4_MA2025fix	shared donor	4	4	-50166.797	-49638.025	TP4 and DP4	TP4: 4 pulses, shared donor
TP4	DEN_EAS_TP4_MA2025fix	shared donor	4	5	-50166.712	-49638.025	TP4 and DP4	TP4: 4 pulses, shared donor
TP4	DEN_EAS_TP4_MA2025fix	shared donor	4	6	-50167.154	-49638.025	TP4 and DP4	TP4: 4 pulses, shared donor
TP4	DEN_EAS_TP4_MA2025fix	shared donor	4	7	-50167.119	-49638.025	TP4 and DP4	TP4: 4 pulses, shared donor
TP4	DEN_EAS_TP4_MA2025fix	shared donor	4	8	-50166.96	-49638.025	TP4 and DP4	TP4: 4 pulses, shared donor
TP4	DEN_EAS_TP4_MA2025fix	shared donor	4	9	-50167.036	-49638.025	TP4 and DP4	TP4: 4 pulses, shared donor
TP4	DEN_EAS_TP4_MA2025fix	shared donor	4	10	-50166.652	-49638.025	TP4 and DP4	TP4: 4 pulses, shared donor
TP4	DEN_EAS_TP4_MA2025fix	shared donor	4	11	-50167.068	-49638.025	TP4 and DP4	TP4: 4 pulses, shared donor
TP4	DEN_EAS_TP4_MA2025fix	shared donor	4	12	-50166.343	-49638.025	TP4 and DP4	TP4: 4 pulses, shared donor
TP4	DEN_EAS_TP4_MA2025fix	shared donor	4	13	-50166.76	-49638.025	TP4 and DP4	TP4: 4 pulses, shared donor
TP4	DEN_EAS_TP4_MA2025fix	shared donor	4	14	-50166.502	-49638.025	TP4 and DP4	TP4: 4 pulses, shared donor
TP4	DEN_EAS_TP4_MA2025fix	shared donor	4	15	-50166.528	-49638.025	TP4 and DP4	TP4: 4 pulses, shared donor
TP4	DEN_EAS_TP4_MA2025fix	shared donor	4	16	-50166.357	-49638.025	TP4 and DP4	TP4: 4 pulses, shared donor
TP4	DEN_EAS_TP4_MA2025fix	shared donor	4	17	-50166.614	-49638.025	TP4 and DP4	TP4: 4 pulses, shared donor
TP4	DEN_EAS_TP4_MA2025fix	shared donor	4	18	-50166.008	-49638.025	TP4 and DP4	TP4: 4 pulses, shared donor
TP4	DEN_EAS_TP4_MA2025fix	shared donor	4	19	-50166.369	-49638.025	TP4 and DP4	TP4: 4 pulses, shared donor
TP4	DEN_EAS_TP4_MA2025fix	shared donor	4	20	-50165.979	-49638.025	TP4 and DP4	TP4: 4 pulses, shared donor
TP4	DEN_EAS_TP4_MA2025fix	shared donor	4	21	-50166.513	-49638.025	TP4 and DP4	TP4: 4 pulses, shared donor
TP4	DEN_EAS_TP4_MA2025fix	shared donor	4	22	-50165.978	-49638.025	TP4 and DP4	TP4: 4 pulses, shared donor
TP4	DEN_EAS_TP4_MA2025fix	shared donor	4	23	-50166.087	-49638.025	TP4 and DP4	TP4: 4 pulses, shared donor
TP4	DEN_EAS_TP4_MA2025fix	shared donor	4	24	-50166.493	-49638.025	TP4 and DP4	TP4: 4 pulses, shared donor
TP4	DEN_EAS_TP4_MA2025fix	shared donor	4	25	-50166.426	-49638.025	TP4 and DP4	TP4: 4 pulses, shared donor
TP4	DEN_EAS_TP4_MA2025fix	shared donor	4	26	-50166.859	-49638.025	TP4 and DP4	TP4: 4 pulses, shared donor
TP4	DEN_EAS_TP4_MA2025fix	shared donor	4	27	-50166.174	-49638.025	TP4 and DP4	TP4: 4 pulses, shared donor
TP4	DEN_EAS_TP4_MA2025fix	shared donor	4	28	-50166.966	-49638.025	TP4 and DP4	TP4: 4 pulses, shared donor
TP4	DEN_EAS_TP4_MA2025fix	shared donor	4	29	-50166.228	-49638.025	TP4 and DP4	TP4: 4 pulses, shared donor
TP4	DEN_EAS_TP4_MA2025fix	shared donor	4	30	-50166.797	-49638.025	TP4 and DP4	TP4: 4 pulses, shared donor
TP4	DEN_EAS_TP4_MA2025fix	shared donor	4	31	-50166.489	-49638.025	TP4 and DP4	TP4: 4 pulses, shared donor
TP4	DEN_EAS_TP4_MA2025fix	shared donor	4	32	-50166.545	-49638.025	TP4 and DP4	TP4: 4 pulses, shared donor
TP4	DEN_EAS_TP4_MA2025fix	shared donor	4	33	-50166.738	-49638.025	TP4 and DP4	TP4: 4 pulses, shared donor
TP4	DEN_EAS_TP4_MA2025fix	shared donor	4	34	-50166.758	-49638.025	TP4 and DP4	TP4: 4 pulses, shared donor
TP4	DEN_EAS_TP4_MA2025fix	shared donor	4	35	-50166.434	-49638.025	TP4 and DP4	TP4: 4 pulses, shared donor
TP4	DEN_EAS_TP4_MA2025fix	shared donor	4	36	-50167.063	-49638.025	TP4 and DP4	TP4: 4 pulses, shared donor
TP4	DEN_EAS_TP4_MA2025fix	shared donor	4	37	-50166.862	-49638.025	TP4 and DP4	TP4: 4 pulses, shared donor
TP4	DEN_EAS_TP4_MA2025fix	shared donor	4	38	-50167.268	-49638.025	TP4 and DP4	TP4: 4 pulses, shared donor
TP4	DEN_EAS_TP4_MA2025fix	shared donor	4	39	-50166.699	-49638.025	TP4 and DP4	TP4: 4 pulses, shared donor
TP4	DEN_EAS_TP4_MA2025fix	shared donor	4	40	-50166.946	-49638.025	TP4 and DP4	TP4: 4 pulses, shared donor
TP4	DEN_EAS_TP4_MA2025fix	shared donor	4	41	-50167.271	-49638.025	TP4 and DP4	TP4: 4 pulses, shared donor
TP4	DEN_EAS_TP4_MA2025fix	shared donor	4	42	-50166.598	-49638.025	TP4 and DP4	TP4: 4 pulses, shared donor
TP4	DEN_EAS_TP4_MA2025fix	shared donor	4	43	-50166.778	-49638.025	TP4 and DP4	TP4: 4 pulses, shared donor
TP4	DEN_EAS_TP4_MA2025fix	shared donor	4	44	-50166.716	-49638.025	TP4 and DP4	TP4: 4 pulses, shared donor
TP4	DEN_EAS_TP4_MA2025fix	shared donor	4	45	-50166.614	-49638.025	TP4 and DP4	TP4: 4 pulses, shared donor
TP4	DEN_EAS_TP4_MA2025fix	shared donor	4	46	-50167.014	-49638.025	TP4 and DP4	TP4: 4 pulses, shared donor
TP4	DEN_EAS_TP4_MA2025fix	shared donor	4	47	-50167.117	-49638.025	TP4 and DP4	TP4: 4 pulses, shared donor
TP4	DEN_EAS_TP4_MA2025fix	shared donor	4	48	-50166.827	-49638.025	TP4 and DP4	TP4: 4 pulses, shared donor
TP4	DEN_EAS_TP4_MA2025fix	shared donor	4	49	-50167.171	-49638.025	TP4 and DP4	TP4: 4 pulses, shared donor
TP4	DEN_EAS_TP4_MA2025fix	shared donor	4	50	-50166.774	-49638.025	TP4 and DP4	TP4: 4 pulses, shared donor
TP4	DEN_EAS_TP4_MA2025fix	shared donor	4	51	-50167.27	-49638.025	TP4 and DP4	TP4: 4 pulses, shared donor
TP4	DEN_EAS_TP4_MA2025fix	shared donor	4	52	-50166.983	-49638.025	TP4 and DP4	TP4: 4 pulses, shared donor
TP4	DEN_EAS_TP4_MA2025fix	shared donor	4	53	-50167.069	-49638.025	TP4 and DP4	TP4: 4 pulses, shared donor
TP4	DEN_EAS_TP4_MA2025fix	shared donor	4	54	-50166.887	-49638.025	TP4 and DP4	TP4: 4 pulses, shared donor
TP4	DEN_EAS_TP4_MA2025fix	shared donor	4	55	-50166.849	-49638.025	TP4 and DP4	TP4: 4 pulses, shared donor
TP4	DEN_EAS_TP4_MA2025fix	shared donor	4	56	-50166.574	-49638.025	TP4 and DP4	TP4: 4 pulses, shared donor
TP4	DEN_EAS_TP4_MA2025fix	shared donor	4	57	-50166.497	-49638.025	TP4 and DP4	TP4: 4 pulses, shared donor
TP4	DEN_EAS_TP4_MA2025fix	shared donor	4	58	-50166.561	-49638.025	TP4 and DP4	TP4: 4 pulses, shared donor
TP4	DEN_EAS_TP4_MA2025fix	shared donor	4	59	-50166.887	-49638.025	TP4 and DP4	TP4: 4 pulses, shared donor
TP4	DEN_EAS_TP4_MA2025fix	shared donor	4	60	-50166.644	-49638.025	TP4 and DP4	TP4: 4 pulses, shared donor
TP4	DEN_EAS_TP4_MA2025fix	shared donor	4	61	-50167.096	-49638.025	TP4 and DP4	TP4: 4 pulses, shared donor
TP4	DEN_EAS_TP4_MA2025fix	shared donor	4	62	-50166.645	-49638.025	TP4 and DP4	TP4: 4 pulses, shared donor
TP4	DEN_EAS_TP4_MA2025fix	shared donor	4	63	-50166.52	-49638.025	TP4 and DP4	TP4: 4 pulses, shared donor
TP4	DEN_EAS_TP4_MA2025fix	shared donor	4	64	-50166.693	-49638.025	TP4 and DP4	TP4: 4 pulses, shared donor
TP4	DEN_EAS_TP4_MA2025fix	shared donor	4	65	-50166.692	-49638.025	TP4 and DP4	TP4: 4 pulses, shared donor
TP4	DEN_EAS_TP4_MA2025fix	shared donor	4	66	-50166.901	-49638.025	TP4 and DP4	TP4: 4 pulses, shared donor
TP4	DEN_EAS_TP4_MA2025fix	shared donor	4	67	-50166.716	-49638.025	TP4 and DP4	TP4: 4 pulses, shared donor
TP4	DEN_EAS_TP4_MA2025fix	shared donor	4	68	-50166.907	-49638.025	TP4 and DP4	TP4: 4 pulses, shared donor
TP4	DEN_EAS_TP4_MA2025fix	shared donor	4	69	-50166.546	-49638.025	TP4 and DP4	TP4: 4 pulses, shared donor
TP4	DEN_EAS_TP4_MA2025fix	shared donor	4	70	-50166.796	-49638.025	TP4 and DP4	TP4: 4 pulses, shared donor
TP4	DEN_EAS_TP4_MA2025fix	shared donor	4	71	-50166.391	-49638.025	TP4 and DP4	TP4: 4 pulses, shared donor
TP4	DEN_EAS_TP4_MA2025fix	shared donor	4	72	-50166.686	-49638.025	TP4 and DP4	TP4: 4 pulses, shared donor
TP4	DEN_EAS_TP4_MA2025fix	shared donor	4	73	-50166.539	-49638.025	TP4 and DP4	TP4: 4 pulses, shared donor
TP4	DEN_EAS_TP4_MA2025fix	shared donor	4	74	-50166.588	-49638.025	TP4 and DP4	TP4: 4 pulses, shared donor
TP4	DEN_EAS_TP4_MA2025fix	shared donor	4	75	-50166.501	-49638.025	TP4 and DP4	TP4: 4 pulses, shared donor
TP4	DEN_EAS_TP4_MA2025fix	shared donor	4	76	-50166.442	-49638.025	TP4 and DP4	TP4: 4 pulses, shared donor
TP4	DEN_EAS_TP4_MA2025fix	shared donor	4	77	-50166.544	-49638.025	TP4 and DP4	TP4: 4 pulses, shared donor
TP4	DEN_EAS_TP4_MA2025fix	shared donor	4	78	-50166.746	-49638.025	TP4 and DP4	TP4: 4 pulses, shared donor
TP4	DEN_EAS_TP4_MA2025fix	shared donor	4	79	-50166.434	-49638.025	TP4 and DP4	TP4: 4 pulses, shared donor
TP4	DEN_EAS_TP4_MA2025fix	shared donor	4	80	-50167.041	-49638.025	TP4 and DP4	TP4: 4 pulses, shared donor
TP4	DEN_EAS_TP4_MA2025fix	shared donor	4	81	-50166.534	-49638.025	TP4 and DP4	TP4: 4 pulses, shared donor
TP4	DEN_EAS_TP4_MA2025fix	shared donor	4	82	-50167.075	-49638.025	TP4 and DP4	TP4: 4 pulses, shared donor
TP4	DEN_EAS_TP4_MA2025fix	shared donor	4	83	-50167.122	-49638.025	TP4 and DP4	TP4: 4 pulses, shared donor
TP4	DEN_EAS_TP4_MA2025fix	shared donor	4	84	-50166.769	-49638.025	TP4 and DP4	TP4: 4 pulses, shared donor
TP4	DEN_EAS_TP4_MA2025fix	shared donor	4	85	-50167.375	-49638.025	TP4 and DP4	TP4: 4 pulses, shared donor
TP4	DEN_EAS_TP4_MA2025fix	shared donor	4	86	-50166.872	-49638.025	TP4 and DP4	TP4: 4 pulses, shared donor
TP4	DEN_EAS_TP4_MA2025fix	shared donor	4	87	-50167.464	-49638.025	TP4 and DP4	TP4: 4 pulses, shared donor
TP4	DEN_EAS_TP4_MA2025fix	shared donor	4	88	-50167.08	-49638.025	TP4 and DP4	TP4: 4 pulses, shared donor
TP4	DEN_EAS_TP4_MA2025fix	shared donor	4	89	-50167.001	-49638.025	TP4 and DP4	TP4: 4 pulses, shared donor
TP4	DEN_EAS_TP4_MA2025fix	shared donor	4	90	-50166.82	-49638.025	TP4 and DP4	TP4: 4 pulses, shared donor
TP4	DEN_EAS_TP4_MA2025fix	shared donor	4	91	-50166.824	-49638.025	TP4 and DP4	TP4: 4 pulses, shared donor
TP4	DEN_EAS_TP4_MA2025fix	shared donor	4	92	-50166.63	-49638.025	TP4 and DP4	TP4: 4 pulses, shared donor
TP4	DEN_EAS_TP4_MA2025fix	shared donor	4	93	-50166.645	-49638.025	TP4 and DP4	TP4: 4 pulses, shared donor
TP4	DEN_EAS_TP4_MA2025fix	shared donor	4	94	-50166.851	-49638.025	TP4 and DP4	TP4: 4 pulses, shared donor
TP4	DEN_EAS_TP4_MA2025fix	shared donor	4	95	-50166.572	-49638.025	TP4 and DP4	TP4: 4 pulses, shared donor
TP4	DEN_EAS_TP4_MA2025fix	shared donor	4	96	-50166.753	-49638.025	TP4 and DP4	TP4: 4 pulses, shared donor
TP4	DEN_EAS_TP4_MA2025fix	shared donor	4	97	-50166.544	-49638.025	TP4 and DP4	TP4: 4 pulses, shared donor
TP4	DEN_EAS_TP4_MA2025fix	shared donor	4	98	-50166.849	-49638.025	TP4 and DP4	TP4: 4 pulses, shared donor
TP4	DEN_EAS_TP4_MA2025fix	shared donor	4	99	-50166.679	-49638.025	TP4 and DP4	TP4: 4 pulses, shared donor
TP4	DEN_EAS_TP4_MA2025fix	shared donor	4	100	-50166.431	-49638.025	TP4 and DP4	TP4: 4 pulses, shared donor
DP4	DEN_EAS_DP4_GhostDonorsFix	divergent donors	4	1	-50166.468	-49638.025	TP4 and DP4	DP4: 4 pulses, divergent donors
DP4	DEN_EAS_DP4_GhostDonorsFix	divergent donors	4	2	-50166.648	-49638.025	TP4 and DP4	DP4: 4 pulses, divergent donors
DP4	DEN_EAS_DP4_GhostDonorsFix	divergent donors	4	3	-50166.368	-49638.025	TP4 and DP4	DP4: 4 pulses, divergent donors
DP4	DEN_EAS_DP4_GhostDonorsFix	divergent donors	4	4	-50166.866	-49638.025	TP4 and DP4	DP4: 4 pulses, divergent donors
DP4	DEN_EAS_DP4_GhostDonorsFix	divergent donors	4	5	-50166.286	-49638.025	TP4 and DP4	DP4: 4 pulses, divergent donors
DP4	DEN_EAS_DP4_GhostDonorsFix	divergent donors	4	6	-50166.444	-49638.025	TP4 and DP4	DP4: 4 pulses, divergent donors
DP4	DEN_EAS_DP4_GhostDonorsFix	divergent donors	4	7	-50166.143	-49638.025	TP4 and DP4	DP4: 4 pulses, divergent donors
DP4	DEN_EAS_DP4_GhostDonorsFix	divergent donors	4	8	-50166.602	-49638.025	TP4 and DP4	DP4: 4 pulses, divergent donors
DP4	DEN_EAS_DP4_GhostDonorsFix	divergent donors	4	9	-50166.409	-49638.025	TP4 and DP4	DP4: 4 pulses, divergent donors
DP4	DEN_EAS_DP4_GhostDonorsFix	divergent donors	4	10	-50166.405	-49638.025	TP4 and DP4	DP4: 4 pulses, divergent donors
DP4	DEN_EAS_DP4_GhostDonorsFix	divergent donors	4	11	-50166.673	-49638.025	TP4 and DP4	DP4: 4 pulses, divergent donors
DP4	DEN_EAS_DP4_GhostDonorsFix	divergent donors	4	12	-50166.623	-49638.025	TP4 and DP4	DP4: 4 pulses, divergent donors
DP4	DEN_EAS_DP4_GhostDonorsFix	divergent donors	4	13	-50166.614	-49638.025	TP4 and DP4	DP4: 4 pulses, divergent donors
DP4	DEN_EAS_DP4_GhostDonorsFix	divergent donors	4	14	-50166.64	-49638.025	TP4 and DP4	DP4: 4 pulses, divergent donors
DP4	DEN_EAS_DP4_GhostDonorsFix	divergent donors	4	15	-50166.655	-49638.025	TP4 and DP4	DP4: 4 pulses, divergent donors
DP4	DEN_EAS_DP4_GhostDonorsFix	divergent donors	4	16	-50166.758	-49638.025	TP4 and DP4	DP4: 4 pulses, divergent donors
DP4	DEN_EAS_DP4_GhostDonorsFix	divergent donors	4	17	-50166.732	-49638.025	TP4 and DP4	DP4: 4 pulses, divergent donors
DP4	DEN_EAS_DP4_GhostDonorsFix	divergent donors	4	18	-50166.879	-49638.025	TP4 and DP4	DP4: 4 pulses, divergent donors
DP4	DEN_EAS_DP4_GhostDonorsFix	divergent donors	4	19	-50166.473	-49638.025	TP4 and DP4	DP4: 4 pulses, divergent donors
DP4	DEN_EAS_DP4_GhostDonorsFix	divergent donors	4	20	-50166.718	-49638.025	TP4 and DP4	DP4: 4 pulses, divergent donors
DP4	DEN_EAS_DP4_GhostDonorsFix	divergent donors	4	21	-50166.602	-49638.025	TP4 and DP4	DP4: 4 pulses, divergent donors
DP4	DEN_EAS_DP4_GhostDonorsFix	divergent donors	4	22	-50166.777	-49638.025	TP4 and DP4	DP4: 4 pulses, divergent donors
DP4	DEN_EAS_DP4_GhostDonorsFix	divergent donors	4	23	-50166.893	-49638.025	TP4 and DP4	DP4: 4 pulses, divergent donors
DP4	DEN_EAS_DP4_GhostDonorsFix	divergent donors	4	24	-50166.541	-49638.025	TP4 and DP4	DP4: 4 pulses, divergent donors
DP4	DEN_EAS_DP4_GhostDonorsFix	divergent donors	4	25	-50166.509	-49638.025	TP4 and DP4	DP4: 4 pulses, divergent donors
DP4	DEN_EAS_DP4_GhostDonorsFix	divergent donors	4	26	-50166.881	-49638.025	TP4 and DP4	DP4: 4 pulses, divergent donors
DP4	DEN_EAS_DP4_GhostDonorsFix	divergent donors	4	27	-50166.652	-49638.025	TP4 and DP4	DP4: 4 pulses, divergent donors
DP4	DEN_EAS_DP4_GhostDonorsFix	divergent donors	4	28	-50166.734	-49638.025	TP4 and DP4	DP4: 4 pulses, divergent donors
DP4	DEN_EAS_DP4_GhostDonorsFix	divergent donors	4	29	-50166.352	-49638.025	TP4 and DP4	DP4: 4 pulses, divergent donors
DP4	DEN_EAS_DP4_GhostDonorsFix	divergent donors	4	30	-50166.859	-49638.025	TP4 and DP4	DP4: 4 pulses, divergent donors
DP4	DEN_EAS_DP4_GhostDonorsFix	divergent donors	4	31	-50166.915	-49638.025	TP4 and DP4	DP4: 4 pulses, divergent donors
DP4	DEN_EAS_DP4_GhostDonorsFix	divergent donors	4	32	-50166.964	-49638.025	TP4 and DP4	DP4: 4 pulses, divergent donors
DP4	DEN_EAS_DP4_GhostDonorsFix	divergent donors	4	33	-50166.757	-49638.025	TP4 and DP4	DP4: 4 pulses, divergent donors
DP4	DEN_EAS_DP4_GhostDonorsFix	divergent donors	4	34	-50166.572	-49638.025	TP4 and DP4	DP4: 4 pulses, divergent donors
DP4	DEN_EAS_DP4_GhostDonorsFix	divergent donors	4	35	-50166.925	-49638.025	TP4 and DP4	DP4: 4 pulses, divergent donors
DP4	DEN_EAS_DP4_GhostDonorsFix	divergent donors	4	36	-50166.495	-49638.025	TP4 and DP4	DP4: 4 pulses, divergent donors
DP4	DEN_EAS_DP4_GhostDonorsFix	divergent donors	4	37	-50166.976	-49638.025	TP4 and DP4	DP4: 4 pulses, divergent donors
DP4	DEN_EAS_DP4_GhostDonorsFix	divergent donors	4	38	-50166.635	-49638.025	TP4 and DP4	DP4: 4 pulses, divergent donors
DP4	DEN_EAS_DP4_GhostDonorsFix	divergent donors	4	39	-50166.381	-49638.025	TP4 and DP4	DP4: 4 pulses, divergent donors
DP4	DEN_EAS_DP4_GhostDonorsFix	divergent donors	4	40	-50166.193	-49638.025	TP4 and DP4	DP4: 4 pulses, divergent donors
DP4	DEN_EAS_DP4_GhostDonorsFix	divergent donors	4	41	-50166.204	-49638.025	TP4 and DP4	DP4: 4 pulses, divergent donors
DP4	DEN_EAS_DP4_GhostDonorsFix	divergent donors	4	42	-50166.405	-49638.025	TP4 and DP4	DP4: 4 pulses, divergent donors
DP4	DEN_EAS_DP4_GhostDonorsFix	divergent donors	4	43	-50166.302	-49638.025	TP4 and DP4	DP4: 4 pulses, divergent donors
DP4	DEN_EAS_DP4_GhostDonorsFix	divergent donors	4	44	-50166.53	-49638.025	TP4 and DP4	DP4: 4 pulses, divergent donors
DP4	DEN_EAS_DP4_GhostDonorsFix	divergent donors	4	45	-50166.341	-49638.025	TP4 and DP4	DP4: 4 pulses, divergent donors
DP4	DEN_EAS_DP4_GhostDonorsFix	divergent donors	4	46	-50166.446	-49638.025	TP4 and DP4	DP4: 4 pulses, divergent donors
DP4	DEN_EAS_DP4_GhostDonorsFix	divergent donors	4	47	-50166.193	-49638.025	TP4 and DP4	DP4: 4 pulses, divergent donors
DP4	DEN_EAS_DP4_GhostDonorsFix	divergent donors	4	48	-50166.538	-49638.025	TP4 and DP4	DP4: 4 pulses, divergent donors
DP4	DEN_EAS_DP4_GhostDonorsFix	divergent donors	4	49	-50166.677	-49638.025	TP4 and DP4	DP4: 4 pulses, divergent donors
DP4	DEN_EAS_DP4_GhostDonorsFix	divergent donors	4	50	-50166.069	-49638.025	TP4 and DP4	DP4: 4 pulses, divergent donors
DP4	DEN_EAS_DP4_GhostDonorsFix	divergent donors	4	51	-50166.695	-49638.025	TP4 and DP4	DP4: 4 pulses, divergent donors
DP4	DEN_EAS_DP4_GhostDonorsFix	divergent donors	4	52	-50166.661	-49638.025	TP4 and DP4	DP4: 4 pulses, divergent donors
DP4	DEN_EAS_DP4_GhostDonorsFix	divergent donors	4	53	-50166.48	-49638.025	TP4 and DP4	DP4: 4 pulses, divergent donors
DP4	DEN_EAS_DP4_GhostDonorsFix	divergent donors	4	54	-50166.707	-49638.025	TP4 and DP4	DP4: 4 pulses, divergent donors
DP4	DEN_EAS_DP4_GhostDonorsFix	divergent donors	4	55	-50166.428	-49638.025	TP4 and DP4	DP4: 4 pulses, divergent donors
DP4	DEN_EAS_DP4_GhostDonorsFix	divergent donors	4	56	-50166.44	-49638.025	TP4 and DP4	DP4: 4 pulses, divergent donors
DP4	DEN_EAS_DP4_GhostDonorsFix	divergent donors	4	57	-50166.4	-49638.025	TP4 and DP4	DP4: 4 pulses, divergent donors
DP4	DEN_EAS_DP4_GhostDonorsFix	divergent donors	4	58	-50166.477	-49638.025	TP4 and DP4	DP4: 4 pulses, divergent donors
DP4	DEN_EAS_DP4_GhostDonorsFix	divergent donors	4	59	-50166.074	-49638.025	TP4 and DP4	DP4: 4 pulses, divergent donors
DP4	DEN_EAS_DP4_GhostDonorsFix	divergent donors	4	60	-50166.257	-49638.025	TP4 and DP4	DP4: 4 pulses, divergent donors
DP4	DEN_EAS_DP4_GhostDonorsFix	divergent donors	4	61	-50166.022	-49638.025	TP4 and DP4	DP4: 4 pulses, divergent donors
DP4	DEN_EAS_DP4_GhostDonorsFix	divergent donors	4	62	-50166.804	-49638.025	TP4 and DP4	DP4: 4 pulses, divergent donors
DP4	DEN_EAS_DP4_GhostDonorsFix	divergent donors	4	63	-50166.195	-49638.025	TP4 and DP4	DP4: 4 pulses, divergent donors
DP4	DEN_EAS_DP4_GhostDonorsFix	divergent donors	4	64	-50166.207	-49638.025	TP4 and DP4	DP4: 4 pulses, divergent donors
DP4	DEN_EAS_DP4_GhostDonorsFix	divergent donors	4	65	-50166.678	-49638.025	TP4 and DP4	DP4: 4 pulses, divergent donors
DP4	DEN_EAS_DP4_GhostDonorsFix	divergent donors	4	66	-50166.487	-49638.025	TP4 and DP4	DP4: 4 pulses, divergent donors
DP4	DEN_EAS_DP4_GhostDonorsFix	divergent donors	4	67	-50166.354	-49638.025	TP4 and DP4	DP4: 4 pulses, divergent donors
DP4	DEN_EAS_DP4_GhostDonorsFix	divergent donors	4	68	-50166.429	-49638.025	TP4 and DP4	DP4: 4 pulses, divergent donors
DP4	DEN_EAS_DP4_GhostDonorsFix	divergent donors	4	69	-50166.318	-49638.025	TP4 and DP4	DP4: 4 pulses, divergent donors
DP4	DEN_EAS_DP4_GhostDonorsFix	divergent donors	4	70	-50166.194	-49638.025	TP4 and DP4	DP4: 4 pulses, divergent donors
DP4	DEN_EAS_DP4_GhostDonorsFix	divergent donors	4	71	-50166.44	-49638.025	TP4 and DP4	DP4: 4 pulses, divergent donors
DP4	DEN_EAS_DP4_GhostDonorsFix	divergent donors	4	72	-50166.266	-49638.025	TP4 and DP4	DP4: 4 pulses, divergent donors
DP4	DEN_EAS_DP4_GhostDonorsFix	divergent donors	4	73	-50166.17	-49638.025	TP4 and DP4	DP4: 4 pulses, divergent donors
DP4	DEN_EAS_DP4_GhostDonorsFix	divergent donors	4	74	-50166.628	-49638.025	TP4 and DP4	DP4: 4 pulses, divergent donors
DP4	DEN_EAS_DP4_GhostDonorsFix	divergent donors	4	75	-50166.23	-49638.025	TP4 and DP4	DP4: 4 pulses, divergent donors
DP4	DEN_EAS_DP4_GhostDonorsFix	divergent donors	4	76	-50166.698	-49638.025	TP4 and DP4	DP4: 4 pulses, divergent donors
DP4	DEN_EAS_DP4_GhostDonorsFix	divergent donors	4	77	-50166.351	-49638.025	TP4 and DP4	DP4: 4 pulses, divergent donors
DP4	DEN_EAS_DP4_GhostDonorsFix	divergent donors	4	78	-50166.533	-49638.025	TP4 and DP4	DP4: 4 pulses, divergent donors
DP4	DEN_EAS_DP4_GhostDonorsFix	divergent donors	4	79	-50166.688	-49638.025	TP4 and DP4	DP4: 4 pulses, divergent donors
DP4	DEN_EAS_DP4_GhostDonorsFix	divergent donors	4	80	-50166.576	-49638.025	TP4 and DP4	DP4: 4 pulses, divergent donors
DP4	DEN_EAS_DP4_GhostDonorsFix	divergent donors	4	81	-50166.253	-49638.025	TP4 and DP4	DP4: 4 pulses, divergent donors
DP4	DEN_EAS_DP4_GhostDonorsFix	divergent donors	4	82	-50166.594	-49638.025	TP4 and DP4	DP4: 4 pulses, divergent donors
DP4	DEN_EAS_DP4_GhostDonorsFix	divergent donors	4	83	-50166.291	-49638.025	TP4 and DP4	DP4: 4 pulses, divergent donors
DP4	DEN_EAS_DP4_GhostDonorsFix	divergent donors	4	84	-50166.559	-49638.025	TP4 and DP4	DP4: 4 pulses, divergent donors
DP4	DEN_EAS_DP4_GhostDonorsFix	divergent donors	4	85	-50166.312	-49638.025	TP4 and DP4	DP4: 4 pulses, divergent donors
DP4	DEN_EAS_DP4_GhostDonorsFix	divergent donors	4	86	-50166.756	-49638.025	TP4 and DP4	DP4: 4 pulses, divergent donors
DP4	DEN_EAS_DP4_GhostDonorsFix	divergent donors	4	87	-50166.678	-49638.025	TP4 and DP4	DP4: 4 pulses, divergent donors
DP4	DEN_EAS_DP4_GhostDonorsFix	divergent donors	4	88	-50166.923	-49638.025	TP4 and DP4	DP4: 4 pulses, divergent donors
DP4	DEN_EAS_DP4_GhostDonorsFix	divergent donors	4	89	-50166.719	-49638.025	TP4 and DP4	DP4: 4 pulses, divergent donors
DP4	DEN_EAS_DP4_GhostDonorsFix	divergent donors	4	90	-50166.665	-49638.025	TP4 and DP4	DP4: 4 pulses, divergent donors
DP4	DEN_EAS_DP4_GhostDonorsFix	divergent donors	4	91	-50167.104	-49638.025	TP4 and DP4	DP4: 4 pulses, divergent donors
DP4	DEN_EAS_DP4_GhostDonorsFix	divergent donors	4	92	-50166.816	-49638.025	TP4 and DP4	DP4: 4 pulses, divergent donors
DP4	DEN_EAS_DP4_GhostDonorsFix	divergent donors	4	93	-50166.937	-49638.025	TP4 and DP4	DP4: 4 pulses, divergent donors
DP4	DEN_EAS_DP4_GhostDonorsFix	divergent donors	4	94	-50166.555	-49638.025	TP4 and DP4	DP4: 4 pulses, divergent donors
DP4	DEN_EAS_DP4_GhostDonorsFix	divergent donors	4	95	-50166.549	-49638.025	TP4 and DP4	DP4: 4 pulses, divergent donors
DP4	DEN_EAS_DP4_GhostDonorsFix	divergent donors	4	96	-50166.675	-49638.025	TP4 and DP4	DP4: 4 pulses, divergent donors
DP4	DEN_EAS_DP4_GhostDonorsFix	divergent donors	4	97	-50166.071	-49638.025	TP4 and DP4	DP4: 4 pulses, divergent donors
DP4	DEN_EAS_DP4_GhostDonorsFix	divergent donors	4	98	-50165.991	-49638.025	TP4 and DP4	DP4: 4 pulses, divergent donors
DP4	DEN_EAS_DP4_GhostDonorsFix	divergent donors	4	99	-50166.778	-49638.025	TP4 and DP4	DP4: 4 pulses, divergent donors
DP4	DEN_EAS_DP4_GhostDonorsFix	divergent donors	4	100	-50165.666	-49638.025	TP4 and DP4	DP4: 4 pulses, divergent donors
